place,place_id,dg_small_kw,dg_small_count,dg_large_kw,dg_large_count,cs_kw,cs_count,utility_kw,utility_count,total_kw,total_count,planned_dg_small_kw,planned_dg_small_count,planned_dg_large_kw,planned_dg_large_count,planned_cs_kw,planned_cs_count,planned_utility_kw,planned_utility_count,planned_total_kw,planned_total_count,future_dg_small_kw,future_dg_small_count,future_dg_large_kw,future_dg_large_count,future_cs_kw,future_cs_count,future_utility_kw,future_utility_count,future_total_kw,future_total_count
Glencoe village,29652,137,19,0,0,0,0,0,0,137,19,10,1,0,0,0,0,0,0,10,1,147,20,0,0,0,0,0,0,147,20
,,392910,41248,379501,1293,467159,223,4601400,356,5840970,43120,55242,5044,1459331,534,0,0,3470100,85,4984673,5663,448152,46292,1838832,1827,467159,223,8071500,441,10825643,48783
Westchester village,80047,1028,170,0,0,0,0,0,0,1028,170,158,14,0,0,0,0,0,0,158,14,1186,184,0,0,0,0,0,0,1186,184
Curran village,18147,939,89,0,0,0,0,0,0,939,89,69,5,125,1,0,0,0,0,194,6,1008,94,125,1,0,0,0,0,1133,95
Palos Hills city,57394,522,65,0,0,0,0,0,0,522,65,66,6,0,0,0,0,0,0,66,6,588,71,0,0,0,0,0,0,588,71
Mount Sterling city,51154,161,18,0,0,0,0,0,0,161,18,87,7,0,0,0,0,0,0,87,7,248,25,0,0,0,0,0,0,248,25
Deerfield village,18992,611,60,1284,2,0,0,0,0,1895,62,71,6,500,1,0,0,0,0,571,7,682,66,1784,3,0,0,0,0,2466,69
Peoria city,59000,7477,913,5347,22,0,0,0,0,12824,935,992,112,3546,6,0,0,0,0,4538,118,8469,1025,8893,28,0,0,0,0,17362,1053
Decatur city,18823,1246,162,903,3,0,0,0,0,2149,165,508,54,6000,3,0,0,0,0,6508,57,1754,216,6903,6,0,0,0,0,8657,222
Greenville city,31589,588,62,1718,7,0,0,0,0,2306,69,71,11,1410,2,0,0,5000,1,6481,14,659,73,3128,9,0,0,5000,1,8787,83
Scott AFB CDP,68328,786,87,3290,5,0,0,0,0,4076,92,34,4,9660,4,0,0,0,0,9694,8,820,91,12950,9,0,0,0,0,13770,100
Edwardsville city,22697,1458,165,2665,13,3946,2,2000,1,10069,181,202,22,4999,1,0,0,0,0,5201,23,1660,187,7664,14,3946,2,2000,1,15270,204
Woodstock city,83349,1146,176,0,0,0,0,0,0,1146,176,129,18,4950,1,0,0,0,0,5079,19,1275,194,4950,1,0,0,0,0,6225,195
Swansea village,74119,2181,226,283,3,0,0,0,0,2464,229,495,49,600,1,0,0,0,0,1095,50,2676,275,883,4,0,0,0,0,3559,279
Geneva city,28872,464,50,48,1,0,0,0,0,512,51,32,2,0,0,0,0,0,0,32,2,496,52,48,1,0,0,0,0,544,53
Kincaid village,39909,640,72,200,1,0,0,0,0,840,73,46,6,5000,1,0,0,0,0,5046,7,686,78,5200,2,0,0,0,0,5886,80
Bannockburn village,03610,212,27,133,1,0,0,0,0,345,28,0,0,0,0,0,0,0,0,0,0,212,27,133,1,0,0,0,0,345,28
Coffeen city,15352,1023,107,0,0,0,0,44200,1,45223,108,25,3,5000,1,0,0,5000,1,10025,5,1048,110,5000,1,0,0,49200,2,55248,113
Wood River city,83271,801,98,449,4,0,0,0,0,1250,102,159,18,0,0,0,0,0,0,159,18,960,116,449,4,0,0,0,0,1409,120
Galva city,28430,379,44,713,8,3710,1,3700,1,8502,54,131,10,4199,3,0,0,2500,2,6830,15,510,54,4912,11,3710,1,6200,3,15332,69
Springfield city,72000,2725,297,1528,9,0,0,0,0,4253,306,245,28,704,5,0,0,0,0,949,33,2970,325,2232,14,0,0,0,0,5202,339
East Peoria city,22164,2519,300,870,4,0,0,0,0,3389,304,235,24,1479,2,0,0,0,0,1714,26,2754,324,2349,6,0,0,0,0,5103,330
Jacksonville city,38115,1409,160,1002,4,0,0,0,0,2411,164,276,31,10100,3,0,0,0,0,10376,34,1685,191,11102,7,0,0,0,0,12787,198
Vernon Hills village,77694,1839,231,3242,9,0,0,0,0,5081,240,110,9,0,0,0,0,0,0,110,9,1949,240,3242,9,0,0,0,0,5191,249
Wadsworth village,78370,1131,134,434,2,0,0,0,0,1565,136,78,5,9490,2,0,0,5000,1,14568,8,1209,139,9924,4,0,0,5000,1,16133,144
Wilmette village,82075,828,118,0,0,0,0,0,0,828,118,107,13,0,0,0,0,0,0,107,13,935,131,0,0,0,0,0,0,935,131
Buffalo Grove village,09447,2705,371,0,0,0,0,0,0,2705,371,316,32,0,0,0,0,0,0,316,32,3021,403,0,0,0,0,0,0,3021,403
St. Charles city,66703,306,40,2744,2,0,0,0,0,3050,42,14,2,1585,2,0,0,0,0,1599,4,320,42,4329,4,0,0,0,0,4649,46
Beach Park village,04303,1214,182,0,0,0,0,0,0,1214,182,110,12,700,1,0,0,0,0,810,13,1324,194,700,1,0,0,0,0,2024,195
Lemont village,42795,577,68,300,1,0,0,0,0,877,69,41,5,0,0,0,0,0,0,41,5,618,73,300,1,0,0,0,0,918,74
Lincolnwood village,43744,944,125,308,3,0,0,0,0,1252,128,142,13,875,1,0,0,0,0,1017,14,1086,138,1183,4,0,0,0,0,2269,142
Arlington Heights village,02154,3070,406,4158,11,0,0,1100,1,8328,418,274,32,1513,5,0,0,0,0,1787,37,3344,438,5671,16,0,0,1100,1,10115,455
Skokie village,70122,4120,581,1805,10,0,0,0,0,5925,591,278,36,1605,4,0,0,0,0,1883,40,4398,617,3410,14,0,0,0,0,7808,631
Aurora city,03012,11875,1794,2829,14,0,0,0,0,14704,1808,1541,171,4830,8,0,0,1900,1,8271,180,13416,1965,7659,22,0,0,1900,1,22975,1988
Plainfield village,60287,3327,413,457,2,1620,1,0,0,5404,416,435,41,0,0,0,0,0,0,435,41,3762,454,457,2,1620,1,0,0,5839,457
Oak Park village,54885,3150,512,200,1,0,0,0,0,3350,513,269,30,0,0,0,0,0,0,269,30,3419,542,200,1,0,0,0,0,3619,543
Burr Ridge village,09980,941,98,1572,6,0,0,0,0,2513,104,72,7,560,2,0,0,0,0,632,9,1013,105,2132,8,0,0,0,0,3145,113
Crestwood village,17497,103,15,502,2,0,0,0,0,605,17,12,1,900,1,0,0,0,0,912,2,115,16,1402,3,0,0,0,0,1517,19
Fairview Heights city,25141,903,104,66,1,0,0,0,0,969,105,145,15,688,1,0,0,0,0,833,16,1048,119,754,2,0,0,0,0,1802,121
Taylorville city,74574,1258,142,522,3,4999,1,5000,1,11779,147,236,26,0,0,0,0,0,0,236,26,1494,168,522,3,4999,1,5000,1,12015,173
Chicago city,14000,48095,7284,18338,76,0,0,16200,6,82633,7366,6525,772,34167,56,0,0,9800,7,50492,835,54620,8056,52505,132,0,0,26000,13,133125,8201
Carol Stream village,11332,3005,406,1647,3,0,0,0,0,4652,409,309,37,5002,6,0,0,0,0,5311,43,3314,443,6649,9,0,0,0,0,9963,452
Forsyth village,27091,538,54,0,0,0,0,0,0,538,54,142,14,688,1,0,0,0,0,830,15,680,68,688,1,0,0,0,0,1368,69
Huntley village,36750,1395,197,4000,2,0,0,2900,1,8295,200,174,16,0,0,0,0,0,0,174,16,1569,213,4000,2,0,0,2900,1,8469,216
Godfrey village,30094,2336,235,1374,10,0,0,5000,1,8710,246,275,30,0,0,0,0,0,0,275,30,2611,265,1374,10,0,0,5000,1,8985,276
Forest Park village,26935,658,110,67,1,0,0,0,0,725,111,100,11,0,0,0,0,0,0,100,11,758,121,67,1,0,0,0,0,825,122
Kewanee city,39727,298,29,451,6,0,0,0,0,749,35,47,5,0,0,0,0,0,0,47,5,345,34,451,6,0,0,0,0,796,40
New Lenox village,52584,1529,189,930,3,0,0,0,0,2459,192,181,19,3088,3,0,0,0,0,3269,22,1710,208,4018,6,0,0,0,0,5728,214
Mettawa village,48671,460,46,794,5,0,0,0,0,1254,51,55,3,4400,1,0,0,0,0,4455,4,515,49,5194,6,0,0,0,0,5709,55
Caseyville village,11644,1005,115,0,0,0,0,0,0,1005,115,154,17,0,0,0,0,0,0,154,17,1159,132,0,0,0,0,0,0,1159,132
Algonquin village,00685,2302,303,2160,3,0,0,1500,1,5962,307,143,16,0,0,0,0,0,0,143,16,2445,319,2160,3,0,0,1500,1,6105,323
Gages Lake CDP,28248,921,134,2580,2,0,0,0,0,3501,136,25,4,0,0,0,0,0,0,25,4,946,138,2580,2,0,0,0,0,3526,140
Paris city,57628,609,68,3071,6,0,0,2000,1,5680,75,211,20,5000,1,0,0,0,0,5211,21,820,88,8071,7,0,0,2000,1,10891,96
Herrin city,34358,1176,116,85,2,4000,2,4000,2,9261,122,198,20,3390,2,0,0,0,0,3588,22,1374,136,3475,4,4000,2,4000,2,12849,144
Glenview village,29938,1789,210,2700,7,0,0,0,0,4489,217,259,25,688,1,0,0,0,0,947,26,2048,235,3388,8,0,0,0,0,5436,243
Marquette Heights city,47111,1125,122,0,0,0,0,0,0,1125,122,185,17,0,0,0,0,0,0,185,17,1310,139,0,0,0,0,0,0,1310,139
Bloomingdale village,06587,1287,162,140,2,0,0,0,0,1427,164,179,15,0,0,0,0,0,0,179,15,1466,177,140,2,0,0,0,0,1606,179
Flora city,26454,131,11,0,0,0,0,0,0,131,11,0,0,0,0,0,0,0,0,0,0,131,11,0,0,0,0,0,0,131,11
Zion city,84220,2808,400,0,0,0,0,0,0,2808,400,274,29,9945,4,0,0,0,0,10219,33,3082,429,9945,4,0,0,0,0,13027,433
Elburn village,22931,781,88,133,2,0,0,5000,1,5914,91,80,8,4990,1,0,0,0,0,5070,9,861,96,5123,3,0,0,5000,1,10984,100
Sycamore city,74223,934,120,600,2,0,0,0,0,1534,122,93,9,0,0,0,0,0,0,93,9,1027,129,600,2,0,0,0,0,1627,131
Galesburg city,28326,1122,132,2114,11,2000,1,0,0,5236,144,325,34,7712,3,0,0,0,0,8037,37,1447,166,9826,14,2000,1,0,0,13273,181
Lake Zurich village,41742,1250,165,3417,4,0,0,0,0,4667,169,125,12,0,0,0,0,0,0,125,12,1375,177,3417,4,0,0,0,0,4792,181
Grayslake village,31121,2757,382,3689,11,0,0,0,0,6446,393,259,25,7125,2,0,0,0,0,7384,27,3016,407,10814,13,0,0,0,0,13830,420
Marion city,46916,1228,124,820,13,0,0,0,0,2048,137,199,18,2121,6,0,0,0,0,2320,24,1427,142,2941,19,0,0,0,0,4368,161
Gurnee village,32018,2140,294,2381,4,0,0,0,0,4521,298,160,17,0,0,0,0,0,0,160,17,2300,311,2381,4,0,0,0,0,4681,315
Germantown Hills village,29080,1588,146,600,1,0,0,0,0,2188,147,201,16,360,1,0,0,0,0,561,17,1789,162,960,2,0,0,0,0,2749,164
Brookfield village,08576,847,141,985,2,0,0,0,0,1832,143,117,15,0,0,0,0,0,0,117,15,964,156,985,2,0,0,0,0,1949,158
Granite City city,30926,2049,258,3339,8,0,0,2000,1,7388,267,911,110,6035,3,0,0,0,0,6946,113,2960,368,9374,11,0,0,2000,1,14334,380
Pontoon Beach village,61067,546,61,488,4,0,0,0,0,1034,65,104,11,600,1,0,0,0,0,704,12,650,72,1088,5,0,0,0,0,1738,77
Downers Grove village,20591,2454,327,1755,8,0,0,0,0,4209,335,303,29,200,1,0,0,0,0,503,30,2757,356,1955,9,0,0,0,0,4712,365
Farmington city,25531,290,31,260,5,0,0,0,0,550,36,37,5,0,0,0,0,0,0,37,5,327,36,260,5,0,0,0,0,587,41
Glen Ellyn village,29756,798,106,1085,2,0,0,0,0,1883,108,158,13,0,0,0,0,0,0,158,13,956,119,1085,2,0,0,0,0,2041,121
Petersburg city,59312,234,26,0,0,0,0,0,0,234,26,45,4,0,0,0,0,0,0,45,4,279,30,0,0,0,0,0,0,279,30
West City village,80073,178,15,748,2,0,0,0,0,926,17,28,3,30,1,0,0,0,0,58,4,206,18,778,3,0,0,0,0,984,21
Hinsdale village,35307,469,59,625,2,0,0,0,0,1094,61,62,6,0,0,0,0,0,0,62,6,531,65,625,2,0,0,0,0,1156,67
Bartonville village,04039,966,114,2115,4,0,0,2000,1,5081,119,190,20,0,0,0,0,0,0,190,20,1156,134,2115,4,0,0,2000,1,5271,139
Mount Prospect village,51089,1840,232,0,0,0,0,0,0,1840,232,219,21,610,2,0,0,0,0,829,23,2059,253,610,2,0,0,0,0,2669,255
Elgin city,23074,5479,844,1065,5,0,0,0,0,6544,849,587,71,1080,2,0,0,0,0,1667,73,6066,915,2145,7,0,0,0,0,8211,922
Antioch village,01595,905,115,0,0,0,0,0,0,905,115,171,15,4945,2,0,0,0,0,5116,17,1076,130,4945,2,0,0,0,0,6021,132
Streamwood village,73157,2952,451,631,3,0,0,0,0,3583,454,383,45,720,1,0,0,0,0,1103,46,3335,496,1351,4,0,0,0,0,4686,500
Collinsville city,15599,524,62,1320,3,0,0,0,0,1844,65,100,11,720,1,0,0,0,0,820,12,624,73,2040,4,0,0,0,0,2664,77
Urbana city,77005,2989,403,900,5,0,0,0,0,3889,408,324,34,1165,3,0,0,0,0,1489,37,3313,437,2065,8,0,0,0,0,5378,445
Savoy village,67860,1211,134,150,1,0,0,0,0,1361,135,109,10,0,0,0,0,0,0,109,10,1320,144,150,1,0,0,0,0,1470,145
Evanston city,24582,2419,380,1844,7,0,0,0,0,4263,387,155,17,280,1,0,0,0,0,435,18,2574,397,2124,8,0,0,0,0,4698,405
Channahon village,12476,2743,357,228,2,0,0,0,0,2971,359,198,18,12150,4,0,0,0,0,12348,22,2941,375,12378,6,0,0,0,0,15319,381
Crystal Lake city,17887,2501,350,1220,4,0,0,0,0,3721,354,178,19,2400,4,0,0,0,0,2578,23,2679,369,3620,8,0,0,0,0,6299,377
Washington city,79033,1461,170,349,4,0,0,0,0,1810,174,43,5,0,0,0,0,0,0,43,5,1504,175,349,4,0,0,0,0,1853,179
Inverness village,37608,595,67,0,0,0,0,0,0,595,67,54,5,0,0,0,0,0,0,54,5,649,72,0,0,0,0,0,0,649,72
Canton city,11007,1433,165,321,4,0,0,0,0,1754,169,218,26,0,0,0,0,0,0,218,26,1651,191,321,4,0,0,0,0,1972,195
Cahokia village,10370,313,36,2620,3,0,0,1800,1,4733,40,187,22,90,1,0,0,0,0,277,23,500,58,2710,4,0,0,1800,1,5010,63
Rockford city,65000,9709,1360,11405,37,0,0,4000,2,25114,1399,1325,141,39565,25,0,0,6100,3,46990,169,11034,1501,50970,62,0,0,10100,5,72104,1568
Metamora village,48606,1206,113,120,2,0,0,0,0,1326,115,146,11,5000,1,0,0,0,0,5146,12,1352,124,5120,3,0,0,0,0,6472,127
Champaign city,12385,6953,845,3666,17,0,0,3500,1,14119,863,717,70,8305,7,0,0,0,0,9022,77,7670,915,11971,24,0,0,3500,1,23141,940
Tuscola city,76407,715,74,120,1,0,0,0,0,835,75,126,12,0,0,0,0,0,0,126,12,841,86,120,1,0,0,0,0,961,87
Joliet city,38570,9613,1359,5831,6,1850,1,8000,3,25294,1369,1141,121,23223,12,0,0,4900,1,29264,134,10754,1480,29054,18,1850,1,12900,4,54558,1503
Lake in the Hills village,41183,1623,234,1250,2,0,0,0,0,2873,236,169,21,0,0,0,0,0,0,169,21,1792,255,1250,2,0,0,0,0,3042,257
Chicago Heights city,14026,1664,256,2196,6,0,0,0,0,3860,262,321,29,5500,2,0,0,0,0,5821,31,1985,285,7696,8,0,0,0,0,9681,293
Rome CDP,65403,757,80,0,0,0,0,0,0,757,80,43,6,0,0,0,0,0,0,43,6,800,86,0,0,0,0,0,0,800,86
Cortland town,16470,757,97,506,6,4000,2,2000,1,7263,106,77,9,4990,1,0,0,0,0,5067,10,834,106,5496,7,4000,2,2000,1,12330,116
Naperville city,51622,5621,727,2341,10,0,0,1000,1,8962,738,684,76,400,1,0,0,0,0,1084,77,6305,803,2741,11,0,0,1000,1,10046,815
Westmont village,80645,828,115,300,1,0,0,0,0,1128,116,99,9,0,0,0,0,0,0,99,9,927,124,300,1,0,0,0,0,1227,125
Bolingbrook village,07133,11446,1468,2139,3,0,0,1900,1,15485,1472,1233,130,24026,16,0,0,0,0,25259,146,12679,1598,26165,19,0,0,1900,1,40744,1618
Hawthorn Woods village,33630,996,112,1560,4,0,0,0,0,2556,116,78,6,0,0,0,0,0,0,78,6,1074,118,1560,4,0,0,0,0,2634,122
Elk Grove Village village,23256,1890,250,1910,11,0,0,0,0,3800,261,219,23,11590,12,0,0,3100,2,14909,37,2109,273,13500,23,0,0,3100,2,18709,298
Cicero town,14351,2324,391,319,2,0,0,0,0,2643,393,206,28,2880,2,0,0,1900,1,4986,31,2530,419,3199,4,0,0,1900,1,7629,424
Carbondale city,11163,761,85,200,1,0,0,0,0,961,86,60,6,0,0,0,0,0,0,60,6,821,91,200,1,0,0,0,0,1021,92
Highland Park city,34722,1259,139,1143,7,0,0,0,0,2402,146,240,20,912,1,0,0,0,0,1152,21,1499,159,2055,8,0,0,0,0,3554,167
North Aurora village,53442,1422,205,310,2,0,0,0,0,1732,207,104,13,200,1,0,0,0,0,304,14,1526,218,510,3,0,0,0,0,2036,221
Des Plaines city,19642,3345,480,237,3,3000,2,1400,1,7982,486,400,42,937,2,0,0,1600,1,2937,45,3745,522,1174,5,3000,2,3000,2,10919,531
Waukegan city,79293,3985,615,9479,10,0,0,7000,1,20464,626,360,44,5751,10,0,0,0,0,6111,54,4345,659,15230,20,0,0,7000,1,26575,680
Campton Hills village,10906,1560,164,230,1,0,0,0,0,1790,165,196,15,0,0,0,0,0,0,196,15,1756,179,230,1,0,0,0,0,1986,180
Wayne village,79397,549,63,0,0,0,0,0,0,549,63,69,6,0,0,0,0,0,0,69,6,618,69,0,0,0,0,0,0,618,69
Spring Grove village,72052,213,23,0,0,0,0,0,0,213,23,23,1,4990,1,0,0,0,0,5013,2,236,24,4990,1,0,0,0,0,5226,25
West Chicago city,80060,1058,155,600,2,0,0,0,0,1658,157,58,7,1022,2,0,0,0,0,1080,9,1116,162,1622,4,0,0,0,0,2738,166
Justice village,38830,306,55,0,0,0,0,0,0,306,55,35,5,0,0,0,0,0,0,35,5,341,60,0,0,0,0,0,0,341,60
Crest Hill city,17458,989,144,1131,3,0,0,0,0,2120,147,99,13,0,0,0,0,0,0,99,13,1088,157,1131,3,0,0,0,0,2219,160
Palos Park village,57407,668,68,0,0,0,0,0,0,668,68,48,4,0,0,0,0,0,0,48,4,716,72,0,0,0,0,0,0,716,72
Barrington Hills village,03883,1422,164,769,7,0,0,0,0,2191,171,97,9,140,2,0,0,0,0,237,11,1519,173,909,9,0,0,0,0,2428,182
Lockport city,44225,1468,191,0,0,0,0,0,0,1468,191,144,16,240,1,0,0,3400,1,3784,18,1612,207,240,1,0,0,3400,1,5252,209
Roselle village,65806,944,126,334,3,0,0,0,0,1278,129,82,8,0,0,0,0,0,0,82,8,1026,134,334,3,0,0,0,0,1360,137
Harwood Heights village,33435,282,41,0,0,0,0,0,0,282,41,22,3,0,0,0,0,0,0,22,3,304,44,0,0,0,0,0,0,304,44
Oswego village,56887,3713,490,400,2,0,0,0,0,4113,492,351,37,1598,3,0,0,0,0,1949,40,4064,527,1998,5,0,0,0,0,6062,532
Northfield village,53663,388,43,2238,6,0,0,0,0,2626,49,59,4,0,0,0,0,0,0,59,4,447,47,2238,6,0,0,0,0,2685,53
Deer Park village,19083,439,58,0,0,0,0,0,0,439,58,38,3,0,0,0,0,0,0,38,3,477,61,0,0,0,0,0,0,477,61
Northlake city,53871,921,143,700,1,0,0,0,0,1621,144,114,16,4560,3,0,0,7100,4,11774,23,1035,159,5260,4,0,0,7100,4,13395,167
Hanover Park village,32746,2277,339,811,2,0,0,0,0,3088,341,193,20,2460,2,0,0,0,0,2653,22,2470,359,3271,4,0,0,0,0,5741,363
Romeoville village,65442,4075,597,9162,10,0,0,2100,2,15337,609,560,50,26290,13,0,0,0,0,26850,63,4635,647,35452,23,0,0,2100,2,42187,672
Harrisburg city,33136,725,58,1243,11,0,0,0,0,1968,69,126,11,3099,2,0,0,0,0,3225,13,851,69,4342,13,0,0,0,0,5193,82
Eldorado city,23009,198,18,1196,7,0,0,0,0,1394,25,103,8,1800,1,0,0,0,0,1903,9,301,26,2996,8,0,0,0,0,3297,34
White Hall city,81256,253,28,0,0,0,0,0,0,253,28,44,5,0,0,0,0,0,0,44,5,297,33,0,0,0,0,0,0,297,33
Hillside village,35086,491,76,345,2,0,0,0,0,836,78,51,8,500,1,0,0,0,0,551,9,542,84,845,3,0,0,0,0,1387,87
Hampshire village,32525,842,116,380,2,0,0,0,0,1222,118,175,16,6240,2,0,0,0,0,6415,18,1017,132,6620,4,0,0,0,0,7637,136
Olney city,55912,759,90,60,1,0,0,0,0,819,91,231,21,312,1,0,0,0,0,543,22,990,111,372,2,0,0,0,0,1362,113
Lombard village,44407,1995,279,80,2,0,0,0,0,2075,281,184,20,334,2,0,0,0,0,518,22,2179,299,414,4,0,0,0,0,2593,303
Wheaton city,81048,1390,187,1688,4,0,0,0,0,3078,191,168,22,1963,1,0,0,0,0,2131,23,1558,209,3651,5,0,0,0,0,5209,214
Addison village,00243,1556,213,2105,7,0,0,0,0,3661,220,324,32,2613,4,0,0,0,0,2937,36,1880,245,4718,11,0,0,0,0,6598,256
Normal town,53234,2505,339,859,6,0,0,0,0,3364,345,231,23,0,0,0,0,0,0,231,23,2736,362,859,6,0,0,0,0,3595,368
Orland Park village,56640,3338,379,910,3,0,0,0,0,4248,382,445,43,1662,3,0,0,0,0,2107,46,3783,422,2572,6,0,0,0,0,6355,428
Libertyville village,43250,369,45,1957,7,0,0,0,0,2326,52,12,1,0,0,0,0,0,0,12,1,381,46,1957,7,0,0,0,0,2338,53
Berwyn city,05573,2323,386,101,1,0,0,0,0,2424,387,321,39,70,1,0,0,0,0,391,40,2644,425,171,2,0,0,0,0,2815,427
Knoxville city,40416,415,49,630,2,0,0,0,0,1045,51,149,12,5499,2,0,0,0,0,5648,14,564,61,6129,4,0,0,0,0,6693,65
Maywood village,47774,1362,191,72,1,0,0,0,0,1434,192,209,23,0,0,0,0,0,0,209,23,1571,214,72,1,0,0,0,0,1643,215
Menominee village,48359,1053,116,573,3,0,0,0,0,1626,119,19,1,0,0,0,0,0,0,19,1,1072,117,573,3,0,0,0,0,1645,120
Palatine village,57225,2798,346,909,2,0,0,0,0,3707,348,345,37,170,1,0,0,0,0,515,38,3143,383,1079,3,0,0,0,0,4222,386
Shorewood village,69758,2425,309,540,1,0,0,0,0,2965,310,155,18,4990,1,0,0,0,0,5145,19,2580,327,5530,2,0,0,0,0,8110,329
Glendale Heights village,29730,2247,338,3108,8,2520,2,0,0,7875,348,142,21,4660,6,0,0,2900,2,7702,29,2389,359,7768,14,2520,2,2900,2,15577,377
Schaumburg village,68003,4751,651,1433,6,0,0,0,0,6184,657,526,57,1580,2,0,0,0,0,2106,59,5277,708,3013,8,0,0,0,0,8290,716
Mundelein village,51349,2302,345,1266,8,0,0,0,0,3568,353,173,22,0,0,0,0,0,0,173,22,2475,367,1266,8,0,0,0,0,3741,375
Homewood village,35879,864,116,530,2,0,0,0,0,1394,118,165,18,700,1,0,0,0,0,865,19,1029,134,1230,3,0,0,0,0,2259,137
Freeport city,27884,2040,267,2300,8,6000,3,10600,4,20940,282,303,37,15413,5,0,0,2000,1,17716,43,2343,304,17713,13,6000,3,12600,5,38656,325
Morrison city,50530,339,38,279,3,6990,2,7000,2,14608,45,18,3,4999,1,0,0,0,0,5017,4,357,41,5278,4,6990,2,7000,2,19625,49
Morton Grove village,50647,2718,371,0,0,0,0,0,0,2718,371,244,26,960,1,0,0,0,0,1204,27,2962,397,960,1,0,0,0,0,3922,398
Sleepy Hollow village,70161,461,57,0,0,900,1,0,0,1361,58,64,6,0,0,0,0,0,0,64,6,525,63,0,0,900,1,0,0,1425,64
Bedford Park village,04572,241,32,5991,5,0,0,5500,3,11732,40,23,5,9960,7,0,0,0,0,9983,12,264,37,15951,12,0,0,5500,3,21715,52
Tinley Park village,75484,2411,302,552,3,0,0,0,0,2963,305,307,28,760,2,0,0,0,0,1067,30,2718,330,1312,5,0,0,0,0,4030,335
Kankakee city,38934,536,72,5000,5,4000,2,4000,2,13536,81,207,27,0,0,0,0,0,0,207,27,743,99,5000,5,4000,2,4000,2,13743,108
Hoffman Estates village,35411,3361,463,397,3,0,0,0,0,3758,466,388,40,600,2,0,0,0,0,988,42,3749,503,997,5,0,0,0,0,4746,508
Lake Villa village,41586,2246,310,0,0,0,0,0,0,2246,310,172,19,0,0,0,0,0,0,172,19,2418,329,0,0,0,0,0,0,2418,329
Oak Lawn village,54820,3261,436,527,3,0,0,0,0,3788,439,410,45,320,1,0,0,0,0,730,46,3671,481,847,4,0,0,0,0,4518,485
Prospect Heights city,62016,305,39,0,0,0,0,0,0,305,39,20,3,0,0,0,0,0,0,20,3,325,42,0,0,0,0,0,0,325,42
Hazel Crest village,33695,1212,172,475,2,0,0,0,0,1687,174,281,29,0,0,0,0,0,0,281,29,1493,201,475,2,0,0,0,0,1968,203
Carpentersville village,11358,763,126,0,0,0,0,1300,1,2063,127,54,8,0,0,0,0,0,0,54,8,817,134,0,0,0,0,1300,1,2117,135
Elmhurst city,23620,1713,220,188,1,0,0,0,0,1901,221,148,12,1200,3,0,0,0,0,1348,15,1861,232,1388,4,0,0,0,0,3249,236
River Forest village,64304,434,53,67,1,0,0,0,0,501,54,30,4,0,0,0,0,0,0,30,4,464,57,67,1,0,0,0,0,531,58
University Park village,76935,1240,154,1998,1,0,0,2000,1,5238,156,142,14,0,0,0,0,0,0,142,14,1382,168,1998,1,0,0,2000,1,5380,170
Machesney Park village,45726,4038,538,5060,16,1660,1,1700,1,12458,556,653,66,4702,3,0,0,0,0,5355,69,4691,604,9762,19,1660,1,1700,1,17813,625
Belleville city,04845,1585,195,1493,4,2000,1,11900,2,16978,202,322,37,13000,5,0,0,0,0,13322,42,1907,232,14493,9,2000,1,11900,2,30300,244
Western Springs village,80242,355,45,0,0,0,0,0,0,355,45,7,1,0,0,0,0,0,0,7,1,362,46,0,0,0,0,0,0,362,46
Mokena village,49854,1263,141,970,5,0,0,0,0,2233,146,101,8,0,0,0,0,0,0,101,8,1364,149,970,5,0,0,0,0,2334,154
Lisle village,43939,675,94,215,2,0,0,0,0,890,96,72,8,0,0,0,0,0,0,72,8,747,102,215,2,0,0,0,0,962,104
Morris city,50491,234,29,0,0,2000,1,0,0,2234,30,88,9,0,0,0,0,0,0,88,9,322,38,0,0,2000,1,0,0,2322,39
Chester city,13139,124,11,412,2,0,0,0,0,536,13,27,3,0,0,0,0,0,0,27,3,151,14,412,2,0,0,0,0,563,16
Charleston city,12567,340,43,50,1,0,0,0,0,390,44,49,5,0,0,0,0,0,0,49,5,389,48,50,1,0,0,0,0,439,49
Carbon Cliff village,11150,57,8,50,1,0,0,0,0,107,9,4,1,0,0,0,0,0,0,4,1,61,9,50,1,0,0,0,0,111,10
Galena city,28300,1120,125,285,4,0,0,0,0,1405,129,13,3,0,0,0,0,0,0,13,3,1133,128,285,4,0,0,0,0,1418,132
Winfield village,82400,259,34,0,0,0,0,0,0,259,34,17,3,0,0,0,0,0,0,17,3,276,37,0,0,0,0,0,0,276,37
Pekin city,58447,3993,507,1665,5,0,0,0,0,5658,512,508,52,800,2,0,0,0,0,1308,54,4501,559,2465,7,0,0,0,0,6966,566
Alton city,01114,1068,135,5365,4,0,0,0,0,6433,139,246,30,425,2,0,0,0,0,671,32,1314,165,5790,6,0,0,0,0,7104,171
Vandalia city,77317,285,34,0,0,0,0,0,0,285,34,41,5,4000,2,0,0,0,0,4041,7,326,39,4000,2,0,0,0,0,4326,41
Woodridge village,83245,2602,340,1391,8,0,0,0,0,3993,348,250,29,250,1,0,0,0,0,500,30,2852,369,1641,9,0,0,0,0,4493,378
Sugar Grove village,73391,723,92,681,3,0,0,0,0,1404,95,118,10,11040,4,0,0,0,0,11158,14,841,102,11721,7,0,0,0,0,12562,109
Moline city,49867,316,41,554,4,0,0,0,0,870,45,49,7,1427,2,0,0,0,0,1476,9,365,48,1981,6,0,0,0,0,2346,54
Glenwood village,30029,693,98,2000,1,2000,1,2000,1,6693,101,197,18,500,1,0,0,0,0,697,19,890,116,2500,2,2000,1,2000,1,7390,120
Lakemoor village,41326,537,73,965,2,0,0,0,0,1502,75,32,5,0,0,0,0,0,0,32,5,569,78,965,2,0,0,0,0,1534,80
Northbrook village,53481,1313,166,1310,4,0,0,0,0,2623,170,178,17,0,0,0,0,0,0,178,17,1491,183,1310,4,0,0,0,0,2801,187
Riverwoods village,64538,443,42,2301,7,0,0,0,0,2744,49,23,1,0,0,0,0,0,0,23,1,466,43,2301,7,0,0,0,0,2767,50
Gibson City city,29125,620,65,850,4,0,0,291800,7,293270,76,160,11,5000,1,0,0,0,0,5160,12,780,76,5850,5,0,0,291800,7,298430,88
Clinton city,15001,458,56,687,5,0,0,0,0,1145,61,99,11,0,0,0,0,0,0,99,11,557,67,687,5,0,0,0,0,1244,72
Bloomington city,06613,2833,372,656,9,1999,1,2000,1,7488,383,467,46,914,4,0,0,5000,1,6381,51,3300,418,1570,13,1999,1,7000,2,13869,434
Morton village,50621,769,85,311,3,0,0,0,0,1080,88,77,6,0,0,0,0,0,0,77,6,846,91,311,3,0,0,0,0,1157,94
Matteson village,47540,2336,297,2980,3,0,0,2000,1,7316,301,384,36,100,2,0,0,0,0,484,38,2720,333,3080,5,0,0,2000,1,7800,339
Sterling city,72546,576,79,1540,5,4999,1,0,0,7115,85,170,28,4000,1,0,0,0,0,4170,29,746,107,5540,6,4999,1,0,0,11285,114
Cary village,11592,1038,146,0,0,0,0,0,0,1038,146,50,6,800,2,0,0,0,0,850,8,1088,152,800,2,0,0,0,0,1888,154
East Alton village,21553,419,48,1199,6,0,0,0,0,1618,54,49,6,0,0,0,0,0,0,49,6,468,54,1199,6,0,0,0,0,1667,60
Round Lake village,66027,1020,149,966,2,0,0,0,0,1986,151,84,9,0,0,0,0,0,0,84,9,1104,158,966,2,0,0,0,0,2070,160
Evergreen Park village,24634,1066,157,0,0,0,0,0,0,1066,157,179,18,0,0,0,0,0,0,179,18,1245,175,0,0,0,0,0,0,1245,175
Warrenville city,78929,407,57,0,0,0,0,0,0,407,57,64,9,0,0,0,0,0,0,64,9,471,66,0,0,0,0,0,0,471,66
Rolling Meadows city,65338,1247,171,0,0,0,0,0,0,1247,171,174,18,0,0,0,0,0,0,174,18,1421,189,0,0,0,0,0,0,1421,189
McHenry city,45694,1088,145,300,1,0,0,0,0,1388,146,102,11,300,1,0,0,0,0,402,12,1190,156,600,2,0,0,0,0,1790,158
Candlewick Lake CDP,10936,618,88,0,0,0,0,0,0,618,88,53,6,0,0,0,0,0,0,53,6,671,94,0,0,0,0,0,0,671,94
Darien city,18628,1725,223,2320,8,0,0,0,0,4045,231,158,18,0,0,0,0,0,0,158,18,1883,241,2320,8,0,0,0,0,4203,249
Frankfort village,27624,1039,122,474,3,0,0,0,0,1513,125,199,16,0,0,0,0,0,0,199,16,1238,138,474,3,0,0,0,0,1712,141
Wheeling village,81087,1154,160,2040,2,0,0,0,0,3194,162,150,18,1208,4,0,0,0,0,1358,22,1304,178,3248,6,0,0,0,0,4552,184
South Roxana village,71240,700,72,286,2,0,0,0,0,986,74,138,13,1980,2,0,0,5000,1,7118,16,838,85,2266,4,0,0,5000,1,8104,90
Villa Park village,77993,818,118,0,0,0,0,0,0,818,118,104,13,480,1,0,0,0,0,584,14,922,131,480,1,0,0,0,0,1402,132
Mount Vernon city,51180,809,74,6086,14,0,0,0,0,6895,88,215,23,5807,3,0,0,5000,1,11022,27,1024,97,11893,17,0,0,5000,1,17917,115
South Barrington village,70564,699,82,550,1,0,0,1300,1,2549,84,58,5,6060,3,0,0,0,0,6118,8,757,87,6610,4,0,0,1300,1,8667,92
Country Club Hills city,16691,2051,285,36,1,0,0,0,0,2087,286,336,33,0,0,0,0,0,0,336,33,2387,318,36,1,0,0,0,0,2423,319
Long Grove village,44524,1067,107,93,2,0,0,0,0,1160,109,192,17,0,0,0,0,0,0,192,17,1259,124,93,2,0,0,0,0,1352,126
Litchfield city,43965,391,45,370,4,0,0,0,0,761,49,37,4,0,0,0,0,0,0,37,4,428,49,370,4,0,0,0,0,798,53
Bradley village,07744,179,29,0,0,0,0,0,0,179,29,51,5,0,0,0,0,0,0,51,5,230,34,0,0,0,0,0,0,230,34
Homer Glen village,35835,1747,205,0,0,0,0,0,0,1747,205,166,15,400,1,0,0,0,0,566,16,1913,220,400,1,0,0,0,0,2313,221
Carlinville city,11202,429,54,0,0,0,0,0,0,429,54,78,12,0,0,0,0,0,0,78,12,507,66,0,0,0,0,0,0,507,66
Staunton city,72403,633,67,265,3,0,0,0,0,898,70,46,4,0,0,0,0,0,0,46,4,679,71,265,3,0,0,0,0,944,74
North Chicago city,53559,698,114,0,0,0,0,0,0,698,114,71,10,0,0,0,0,0,0,71,10,769,124,0,0,0,0,0,0,769,124
Oak Forest city,54638,1625,227,0,0,0,0,0,0,1625,227,139,15,0,0,0,0,0,0,139,15,1764,242,0,0,0,0,0,0,1764,242
Beecher village,04585,427,50,46,1,2000,1,6000,3,8473,55,69,7,7990,2,0,0,0,0,8059,9,496,57,8036,3,2000,1,6000,3,16532,64
Belvidere city,05092,1914,280,254,2,0,0,0,0,2168,282,166,23,0,0,0,0,0,0,166,23,2080,303,254,2,0,0,0,0,2334,305
Anna city,01543,245,27,50,1,0,0,0,0,295,28,64,6,0,0,0,0,0,0,64,6,309,33,50,1,0,0,0,0,359,34
Oak Brook village,54534,777,76,45,1,0,0,0,0,822,77,146,10,0,0,0,0,0,0,146,10,923,86,45,1,0,0,0,0,968,87
Pittsfield city,60222,422,48,67,1,0,0,0,0,489,49,162,19,0,0,0,0,1000,1,1162,20,584,67,67,1,0,0,1000,1,1651,69
Berkeley village,05404,477,75,93,1,0,0,0,0,570,76,129,11,0,0,0,0,0,0,129,11,606,86,93,1,0,0,0,0,699,87
Loves Park city,45031,2245,300,981,7,0,0,0,0,3226,307,248,32,1620,1,0,0,0,0,1868,33,2493,332,2601,8,0,0,0,0,5094,340
La Grange village,40767,462,70,230,2,0,0,0,0,692,72,26,4,514,2,0,0,0,0,540,6,488,74,744,4,0,0,0,0,1232,78
Midlothian village,48892,682,102,144,1,0,0,0,0,826,103,125,14,0,0,0,0,0,0,125,14,807,116,144,1,0,0,0,0,951,117
West Peoria city,80736,314,45,67,1,0,0,0,0,381,46,76,9,50,1,0,0,0,0,126,10,390,54,117,2,0,0,0,0,507,56
Alsip village,01010,1341,195,1917,4,0,0,0,0,3258,199,86,11,8070,6,0,0,0,0,8156,17,1427,206,9987,10,0,0,0,0,11414,216
Hickory Hills city,34514,951,123,0,0,0,0,0,0,951,123,123,13,500,1,0,0,0,0,623,14,1074,136,500,1,0,0,0,0,1574,137
Franklin Park village,27702,1034,159,3305,7,1200,1,11200,5,16739,172,87,11,22130,10,0,0,4700,2,26917,23,1121,170,25435,17,1200,1,15900,7,43656,195
Park Ridge city,57875,1291,172,206,2,0,0,0,0,1497,174,172,20,0,0,0,0,0,0,172,20,1463,192,206,2,0,0,0,0,1669,194
Granville village,31017,224,24,0,0,5992,3,4000,2,10216,29,60,5,0,0,0,0,0,0,60,5,284,29,0,0,5992,3,4000,2,10276,34
Fisher village,26194,1177,110,60,1,0,0,0,0,1237,111,141,14,0,0,0,0,0,0,141,14,1318,124,60,1,0,0,0,0,1378,125
Hodgkins village,35385,85,12,1987,3,0,0,0,0,2072,15,8,1,2720,2,0,0,2000,1,4728,4,93,13,4707,5,0,0,2000,1,6800,19
Melrose Park village,48242,855,136,0,0,0,0,0,0,855,136,75,10,143,2,0,0,0,0,218,12,930,146,143,2,0,0,0,0,1073,148
Mahomet village,46136,2019,220,0,0,0,0,0,0,2019,220,281,23,0,0,0,0,3500,1,3781,24,2300,243,0,0,0,0,3500,1,5800,244
Maryville village,47397,829,87,0,0,0,0,0,0,829,87,73,9,0,0,0,0,0,0,73,9,902,96,0,0,0,0,0,0,902,96
Monticello city,50244,1155,120,60,2,0,0,0,0,1215,122,74,8,8400,2,0,0,0,0,8474,10,1229,128,8460,4,0,0,0,0,9689,132
Coal Valley village,15235,106,14,0,0,0,0,0,0,106,14,16,2,0,0,0,0,0,0,16,2,122,16,0,0,0,0,0,0,122,16
Mascoutah city,47423,256,31,0,0,0,0,0,0,256,31,7,1,1080,1,0,0,0,0,1087,2,263,32,1080,1,0,0,0,0,1343,33
Glen Carbon village,29639,1429,149,318,4,0,0,0,0,1747,153,155,16,62,1,0,0,0,0,217,17,1584,165,380,5,0,0,0,0,1964,170
Riverside village,64421,453,63,0,0,0,0,0,0,453,63,87,8,420,1,0,0,0,0,507,9,540,71,420,1,0,0,0,0,960,72
Carthage city,11527,596,61,652,7,0,0,0,0,1248,68,95,9,0,0,0,0,0,0,95,9,691,70,652,7,0,0,0,0,1343,77
South Elgin village,70720,2410,344,67,1,0,0,0,0,2477,345,197,17,278,2,0,0,0,0,475,19,2607,361,345,3,0,0,0,0,2952,364
Gilberts village,29171,554,71,0,0,0,0,0,0,554,71,46,3,0,0,0,0,0,0,46,3,600,74,0,0,0,0,0,0,600,74
Wonder Lake village,82855,712,84,0,0,0,0,0,0,712,84,72,7,5000,1,0,0,0,0,5072,8,784,91,5000,1,0,0,0,0,5784,92
O'Fallon city,55249,3593,385,2746,14,0,0,0,0,6339,399,398,42,190,1,0,0,0,0,588,43,3991,427,2936,15,0,0,0,0,6927,442
Sparta city,71448,261,23,675,7,0,0,0,0,936,30,25,3,1125,3,0,0,0,0,1150,6,286,26,1800,10,0,0,0,0,2086,36
Bartlett village,04013,3322,465,0,0,0,0,0,0,3322,465,328,33,0,0,0,0,0,0,328,33,3650,498,0,0,0,0,0,0,3650,498
Rock Falls city,64928,14,2,34,1,0,0,0,0,48,3,0,0,0,0,0,0,0,0,0,0,14,2,34,1,0,0,0,0,48,3
Fulton city,28144,236,32,571,2,2000,1,2000,1,4807,36,18,3,0,0,0,0,0,0,18,3,254,35,571,2,2000,1,2000,1,4825,39
Geneseo city,28846,157,18,154,4,0,0,0,0,311,22,0,0,0,0,0,0,0,0,0,0,157,18,154,4,0,0,0,0,311,22
Marengo city,46786,663,74,0,0,1950,1,0,0,2613,75,50,4,5000,1,0,0,0,0,5050,5,713,78,5000,1,1950,1,0,0,7663,80
Columbia city,15833,887,89,137,2,0,0,0,0,1024,91,189,15,0,0,0,0,0,0,189,15,1076,104,137,2,0,0,0,0,1213,106
Winthrop Harbor village,82686,410,59,0,0,0,0,2000,1,2410,60,48,7,4980,2,0,0,0,0,5028,9,458,66,4980,2,0,0,2000,1,7438,69
Plano city,60352,1522,201,852,1,0,0,3500,1,5874,203,104,12,10000,2,0,0,0,0,10104,14,1626,213,10852,3,0,0,3500,1,15978,217
Rock Island city,65078,280,49,620,2,0,0,0,0,900,51,100,12,0,0,0,0,0,0,100,12,380,61,620,2,0,0,0,0,1000,63
Wood Dale city,82985,500,73,664,4,0,0,0,0,1164,77,75,7,840,1,0,0,0,0,915,8,575,80,1504,5,0,0,0,0,2079,85
Watseka city,79228,100,12,533,1,2000,1,0,0,2633,14,59,5,0,0,0,0,0,0,59,5,159,17,533,1,2000,1,0,0,2692,19
Silvis city,69979,56,9,125,1,0,0,0,0,181,10,30,3,35,1,0,0,0,0,65,4,86,12,160,2,0,0,0,0,246,14
Burbank city,09642,1477,206,0,0,0,0,0,0,1477,206,343,34,4430,2,0,0,0,0,4773,36,1820,240,4430,2,0,0,0,0,6250,242
Quincy city,62367,2739,310,2293,14,0,0,4000,2,9032,326,803,82,0,0,0,0,0,0,803,82,3542,392,2293,14,0,0,4000,2,9835,408
Bensenville village,05248,570,78,0,0,0,0,0,0,570,78,54,6,1320,1,0,0,0,0,1374,7,624,84,1320,1,0,0,0,0,1944,85
Paxton city,58239,427,48,990,3,0,0,0,0,1417,51,93,9,0,0,0,0,0,0,93,9,520,57,990,3,0,0,0,0,1510,60
Markham city,47007,1142,141,243,3,0,0,0,0,1385,144,111,12,1080,2,0,0,0,0,1191,14,1253,153,1323,5,0,0,0,0,2576,158
Long Lake CDP,44550,142,18,52,1,0,0,0,0,194,19,24,3,0,0,0,0,0,0,24,3,166,21,52,1,0,0,0,0,218,22
Harvey city,33383,723,106,299,2,0,0,0,0,1022,108,292,30,1978,2,0,0,0,0,2270,32,1015,136,2277,4,0,0,0,0,3292,140
Island Lake village,37894,333,52,0,0,0,0,0,0,333,52,46,5,0,0,0,0,0,0,46,5,379,57,0,0,0,0,0,0,379,57
Willowbrook village,81919,277,38,0,0,0,0,0,0,277,38,44,4,0,0,0,0,0,0,44,4,321,42,0,0,0,0,0,0,321,42
East Moline city,22073,189,25,250,2,0,0,0,0,439,27,4,1,0,0,0,0,0,0,4,1,193,26,250,2,0,0,0,0,443,28
Milan village,49009,64,8,2275,5,0,0,0,0,2339,13,0,0,33,1,0,0,0,0,33,1,64,8,2308,6,0,0,0,0,2372,14
Centralia city,12164,327,28,1417,8,0,0,0,0,1744,36,104,10,500,1,0,0,0,0,604,11,431,38,1917,9,0,0,0,0,2348,47
La Grange Park village,40793,478,75,173,1,0,0,0,0,651,76,39,4,0,0,0,0,0,0,39,4,517,79,173,1,0,0,0,0,690,80
Bull Valley village,09531,581,60,0,0,0,0,0,0,581,60,81,7,0,0,0,0,0,0,81,7,662,67,0,0,0,0,0,0,662,67
Merrionette Park village,48554,252,41,0,0,0,0,0,0,252,41,26,3,840,1,0,0,0,0,866,4,278,44,840,1,0,0,0,0,1118,45
Montgomery village,50218,2476,337,105,1,0,0,0,0,2581,338,184,20,0,0,0,0,0,0,184,20,2660,357,105,1,0,0,0,0,2765,358
Bridgeport city,08186,169,16,38,1,4000,2,4000,2,8207,21,28,3,4950,1,0,0,0,0,4978,4,197,19,4988,2,4000,2,4000,2,13185,25
Bellwood village,04975,696,117,112,2,0,0,0,0,808,119,232,30,360,1,0,0,0,0,592,31,928,147,472,3,0,0,0,0,1400,150
Summit village,73638,345,46,0,0,0,0,0,0,345,46,58,7,0,0,0,0,0,0,58,7,403,53,0,0,0,0,0,0,403,53
Highland city,34670,162,16,250,1,0,0,0,0,412,17,0,0,0,0,0,0,0,0,0,0,162,16,250,1,0,0,0,0,412,17
Carterville city,11514,1062,97,1342,2,650,1,1300,1,4354,101,109,10,4000,2,0,0,2000,1,6109,13,1171,107,5342,4,650,1,3300,2,10463,114
Du Quoin city,21267,306,30,247,2,0,0,0,0,553,32,55,6,0,0,0,0,0,0,55,6,361,36,247,2,0,0,0,0,608,38
Yorkville city,84038,1434,190,0,0,0,0,0,0,1434,190,188,20,10350,3,0,0,0,0,10538,23,1622,210,10350,3,0,0,0,0,11972,213
Shiloh village,69524,2514,275,646,3,0,0,0,0,3160,278,251,29,0,0,0,0,0,0,251,29,2765,304,646,3,0,0,0,0,3411,307
DeKalb city,19161,1075,141,380,2,0,0,4900,1,6355,144,124,15,6125,4,0,0,0,0,6249,19,1199,156,6505,6,0,0,4900,1,12604,163
Aledo city,00646,315,29,499,4,0,0,5000,1,5814,34,104,12,60,1,0,0,0,0,164,13,419,41,559,5,0,0,5000,1,5978,47
Peoria Heights village,59026,562,75,393,1,0,0,0,0,955,76,101,12,0,0,0,0,0,0,101,12,663,87,393,1,0,0,0,0,1056,88
West Frankfort city,80333,256,24,45,1,2000,1,2000,1,4301,27,131,12,0,0,0,0,0,0,131,12,387,36,45,1,2000,1,2000,1,4432,39
Monee village,49945,446,47,7974,6,0,0,5800,3,14220,56,49,5,10590,3,0,0,0,0,10639,8,495,52,18564,9,0,0,5800,3,24859,64
Madison city,45993,662,68,599,1,0,0,0,0,1261,69,132,18,8555,9,0,0,0,0,8687,27,794,86,9154,10,0,0,0,0,9948,96
Lakewood village,41651,235,31,0,0,0,0,0,0,235,31,16,1,0,0,0,0,0,0,16,1,251,32,0,0,0,0,0,0,251,32
Lincoln city,43536,576,70,505,4,0,0,0,0,1081,74,135,15,2000,1,0,0,0,0,2135,16,711,85,2505,5,0,0,0,0,3216,90
Indian Head Park village,37257,432,51,200,1,0,0,0,0,632,52,37,4,0,0,0,0,0,0,37,4,469,55,200,1,0,0,0,0,669,56
Prairie Grove village,61678,919,120,0,0,0,0,5000,1,5919,121,114,14,9980,2,0,0,0,0,10094,16,1033,134,9980,2,0,0,5000,1,16013,137
Venetian Village CDP,77460,376,55,0,0,0,0,0,0,376,55,8,1,0,0,0,0,0,0,8,1,384,56,0,0,0,0,0,0,384,56
Colona city,15664,163,19,240,1,0,0,0,0,403,20,4,1,0,0,0,0,0,0,4,1,167,20,240,1,0,0,0,0,407,21
Lansing village,42028,1869,251,275,1,0,0,0,0,2144,252,500,53,0,0,0,0,0,0,500,53,2369,304,275,1,0,0,0,0,2644,305
Orland Hills village,56627,572,77,38,1,0,0,0,0,610,78,73,5,400,1,0,0,0,0,473,6,645,82,438,2,0,0,0,0,1083,84
Broadview village,08446,552,86,815,3,0,0,0,0,1367,89,105,11,1200,2,0,0,0,0,1305,13,657,97,2015,5,0,0,0,0,2672,102
Lake Holiday CDP,41157,260,31,0,0,0,0,0,0,260,31,21,2,0,0,0,0,0,0,21,2,281,33,0,0,0,0,0,0,281,33
Niles village,53000,969,151,0,0,0,0,0,0,969,151,171,22,3240,1,0,0,0,0,3411,23,1140,173,3240,1,0,0,0,0,4380,174
Richton Park village,63706,725,104,0,0,0,0,0,0,725,104,188,21,0,0,0,0,0,0,188,21,913,125,0,0,0,0,0,0,913,125
Cherry Valley village,13074,339,49,347,2,0,0,0,0,686,51,67,8,452,2,0,0,0,0,519,10,406,57,799,4,0,0,0,0,1205,61
North Barrington village,53455,130,13,0,0,0,0,0,0,130,13,22,1,0,0,0,0,0,0,22,1,152,14,0,0,0,0,0,0,152,14
Round Lake Beach village,66040,1137,187,1278,2,0,0,0,0,2415,189,121,18,0,0,0,0,0,0,121,18,1258,205,1278,2,0,0,0,0,2536,207
Lyons village,45434,457,78,100,1,2040,1,0,0,2597,80,34,4,0,0,0,0,0,0,34,4,491,82,100,1,2040,1,0,0,2631,84
Stickney village,72676,360,52,0,0,0,0,0,0,360,52,30,4,0,0,0,0,0,0,30,4,390,56,0,0,0,0,0,0,390,56
Creve Coeur village,17549,592,72,0,0,0,0,0,0,592,72,147,15,0,0,0,0,0,0,147,15,739,87,0,0,0,0,0,0,739,87
Boulder Hill CDP,07419,1141,164,0,0,0,0,0,0,1141,164,119,14,0,0,0,0,0,0,119,14,1260,178,0,0,0,0,0,0,1260,178
Dwight village,21358,187,21,0,0,0,0,0,0,187,21,140,15,0,0,0,0,0,0,140,15,327,36,0,0,0,0,0,0,327,36
Burnham village,09798,175,26,0,0,0,0,0,0,175,26,36,4,0,0,0,0,0,0,36,4,211,30,0,0,0,0,0,0,211,30
Clarendon Hills village,14572,244,27,0,0,0,0,0,0,244,27,6,1,0,0,0,0,0,0,6,1,250,28,0,0,0,0,0,0,250,28
Elmwood Park village,23724,718,107,0,0,0,0,0,0,718,107,91,10,2520,1,0,0,0,0,2611,11,809,117,2520,1,0,0,0,0,3329,118
Round Lake Park village,66066,417,71,0,0,0,0,0,0,417,71,26,3,0,0,0,0,0,0,26,3,443,74,0,0,0,0,0,0,443,74
Hamilton city,32434,714,68,30,1,0,0,0,0,744,69,117,13,5000,1,0,0,0,0,5117,14,831,81,5030,2,0,0,0,0,5861,83
Bay View Gardens village,04273,495,50,33,1,0,0,0,0,528,51,67,7,0,0,0,0,0,0,67,7,562,57,33,1,0,0,0,0,595,58
Itasca village,37907,277,34,169,2,0,0,0,0,446,36,15,1,0,0,0,0,0,0,15,1,292,35,169,2,0,0,0,0,461,37
Park Forest village,57732,853,123,442,1,0,0,0,0,1295,124,182,17,0,0,0,0,0,0,182,17,1035,140,442,1,0,0,0,0,1477,141
Lindenhurst village,43770,1054,138,0,0,0,0,0,0,1054,138,86,11,0,0,0,0,0,0,86,11,1140,149,0,0,0,0,0,0,1140,149
Posen village,61314,559,73,0,0,0,0,0,0,559,73,222,21,2750,1,0,0,0,0,2972,22,781,94,2750,1,0,0,0,0,3531,95
Hometown city,35866,231,41,0,0,0,0,0,0,231,41,15,2,0,0,0,0,0,0,15,2,246,43,0,0,0,0,0,0,246,43
Wauconda village,79267,169,26,0,0,0,0,0,0,169,26,11,1,0,0,0,0,0,0,11,1,180,27,0,0,0,0,0,0,180,27
Schiller Park village,68081,393,56,276,1,0,0,0,0,669,57,47,6,470,2,0,0,0,0,517,8,440,62,746,3,0,0,0,0,1186,65
Green Oaks village,31446,156,16,0,0,0,0,0,0,156,16,0,0,0,0,0,0,0,0,0,0,156,16,0,0,0,0,0,0,156,16
North Riverside village,54144,281,45,0,0,0,0,0,0,281,45,11,2,0,0,0,0,0,0,11,2,292,47,0,0,0,0,0,0,292,47
Flossmoor village,26571,1228,145,0,0,0,0,0,0,1228,145,244,26,0,0,0,0,0,0,244,26,1472,171,0,0,0,0,0,0,1472,171
Highwood city,34865,65,9,0,0,0,0,0,0,65,9,26,4,500,3,0,0,0,0,526,7,91,13,500,3,0,0,0,0,591,16
Worth village,83518,484,70,0,0,0,0,0,0,484,70,81,9,0,0,0,0,0,0,81,9,565,79,0,0,0,0,0,0,565,79
Dolton village,20292,1872,281,0,0,0,0,0,0,1872,281,349,37,125,1,0,0,0,0,474,38,2221,318,125,1,0,0,0,0,2346,319
Olympia Fields village,55938,238,25,0,0,0,0,0,0,238,25,81,7,0,0,0,0,0,0,81,7,319,32,0,0,0,0,0,0,319,32
Harvard city,33331,274,41,0,0,0,0,4000,2,4274,43,62,5,0,0,0,0,0,0,62,5,336,46,0,0,0,0,4000,2,4336,48
Bethalto village,05599,1170,126,0,0,0,0,0,0,1170,126,226,26,0,0,0,0,0,0,226,26,1396,152,0,0,0,0,0,0,1396,152
Wilmington city,82101,187,22,0,0,0,0,0,0,187,22,26,3,5079,2,0,0,0,0,5105,5,213,25,5079,2,0,0,0,0,5292,27
Braidwood city,07770,405,46,0,0,0,0,0,0,405,46,146,13,2000,1,0,0,0,0,2146,14,551,59,2000,1,0,0,0,0,2551,60
Norridge village,53377,413,61,0,0,0,0,0,0,413,61,51,5,0,0,0,0,0,0,51,5,464,66,0,0,0,0,0,0,464,66
Thornton village,75185,222,30,0,0,0,0,0,0,222,30,8,1,600,1,0,0,0,0,608,2,230,31,600,1,0,0,0,0,830,32
Bridgeview village,08225,564,79,445,3,0,0,0,0,1009,82,100,11,0,0,0,0,0,0,100,11,664,90,445,3,0,0,0,0,1109,93
Chicago Ridge village,14065,444,61,279,3,0,0,0,0,723,64,63,7,0,0,0,0,0,0,63,7,507,68,279,3,0,0,0,0,786,71
Pistakee Highlands CDP,60144,208,33,0,0,0,0,0,0,208,33,35,4,0,0,0,0,0,0,35,4,243,37,0,0,0,0,0,0,243,37
Calumet City city,10487,2320,347,1980,1,0,0,0,0,4300,348,628,74,5745,3,0,0,0,0,6373,77,2948,421,7725,4,0,0,0,0,10673,425
Fairmont CDP,24920,45,8,0,0,0,0,0,0,45,8,22,3,0,0,0,0,0,0,22,3,67,11,0,0,0,0,0,0,67,11
Macomb city,45889,304,32,97,2,0,0,2000,1,2401,35,72,9,175,1,0,0,0,0,247,10,376,41,272,3,0,0,2000,1,2648,45
Rockton village,65156,227,29,1500,1,0,0,0,0,1727,30,0,0,0,0,0,0,0,0,0,0,227,29,1500,1,0,0,0,0,1727,30
Lake Forest city,41105,263,31,280,1,0,0,0,0,543,32,29,2,45,1,0,0,0,0,74,3,292,33,325,2,0,0,0,0,617,35
Chillicothe city,14117,790,99,2100,2,0,0,2000,1,4890,102,95,11,0,0,0,0,5000,1,5095,12,885,110,2100,2,0,0,7000,2,9985,114
River Grove village,64343,298,50,110,1,0,0,0,0,408,51,43,5,1430,1,0,0,0,0,1473,6,341,55,1540,2,0,0,0,0,1881,57
Havana city,33513,295,31,750,2,0,0,0,0,1045,33,37,4,500,1,0,0,0,0,537,5,332,35,1250,3,0,0,0,0,1582,38
Countryside city,16873,170,22,0,0,0,0,0,0,170,22,9,1,0,0,0,0,0,0,9,1,179,23,0,0,0,0,0,0,179,23
Manhattan village,46357,649,79,0,0,0,0,0,0,649,79,78,7,0,0,0,0,0,0,78,7,727,86,0,0,0,0,0,0,727,86
Rockdale village,64902,54,8,60,1,0,0,0,0,114,9,33,4,0,0,0,0,0,0,33,4,87,12,60,1,0,0,0,0,147,13
Stone Park village,72923,230,41,83,2,0,0,0,0,313,43,5,1,3000,1,0,0,0,0,3005,2,235,42,3083,3,0,0,0,0,3318,45
Lake Bluff village,40910,164,20,0,0,0,0,0,0,164,20,48,3,0,0,0,0,0,0,48,3,212,23,0,0,0,0,0,0,212,23
Rochelle city,64746,23,3,0,0,0,0,300,1,323,4,0,0,0,0,0,0,0,0,0,0,23,3,0,0,0,0,300,1,323,4
South Holland village,70850,3363,435,534,5,0,0,0,0,3897,440,509,52,1320,2,0,0,0,0,1829,54,3872,487,1854,7,0,0,0,0,5726,494
Calumet Park village,10513,544,82,0,0,0,0,0,0,544,82,82,8,400,1,0,0,0,0,482,9,626,90,400,1,0,0,0,0,1026,91
Ingalls Park CDP,37465,118,17,0,0,0,0,0,0,118,17,20,2,0,0,0,0,0,0,20,2,138,19,0,0,0,0,0,0,138,19
Frankfort Square CDP,27644,273,37,0,0,0,0,0,0,273,37,0,0,0,0,0,0,0,0,0,0,273,37,0,0,0,0,0,0,273,37
Roscoe village,65611,2272,298,490,2,0,0,1500,1,4262,301,250,26,2000,1,0,0,0,0,2250,27,2522,324,2490,3,0,0,1500,1,6512,328
Lewistown city,43055,203,22,0,0,0,0,0,0,203,22,78,7,0,0,0,0,0,0,78,7,281,29,0,0,0,0,0,0,281,29
Fairfield city,24816,35,3,40,1,0,0,0,0,75,4,180,18,319,1,0,0,0,0,499,19,215,21,359,2,0,0,0,0,574,23
Blue Island city,06704,434,71,72,1,0,0,0,0,506,72,54,6,0,0,0,0,0,0,54,6,488,77,72,1,0,0,0,0,560,78
Bourbonnais village,07471,152,17,1000,1,0,0,0,0,1152,18,10,1,0,0,0,0,0,0,10,1,162,18,1000,1,0,0,0,0,1162,19
Monmouth city,50010,502,56,547,4,0,0,35000,1,36049,61,91,14,0,0,0,0,0,0,91,14,593,70,547,4,0,0,35000,1,36140,75
Fox Lake village,27442,391,49,180,1,0,0,0,0,571,50,65,7,0,0,0,0,0,0,65,7,456,56,180,1,0,0,0,0,636,57
Sandwich city,67548,353,49,0,0,0,0,0,0,353,49,19,3,0,0,0,0,0,0,19,3,372,52,0,0,0,0,0,0,372,52
LaSalle city,42184,181,23,0,0,0,0,0,0,181,23,33,4,0,0,0,0,0,0,33,4,214,27,0,0,0,0,0,0,214,27
Riverdale village,64278,237,39,0,0,0,0,0,0,237,39,72,7,0,0,0,0,0,0,72,7,309,46,0,0,0,0,0,0,309,46
Golf village,30328,88,11,0,0,0,0,0,0,88,11,5,1,0,0,0,0,0,0,5,1,93,12,0,0,0,0,0,0,93,12
Pana city,57472,286,38,0,0,0,0,0,0,286,38,57,8,50,1,0,0,0,0,107,9,343,46,50,1,0,0,0,0,393,47
Phoenix village,59572,243,35,125,1,0,0,0,0,368,36,110,10,0,0,0,0,0,0,110,10,353,45,125,1,0,0,0,0,478,46
Winnetka village,82530,90,9,0,0,0,0,0,0,90,9,10,1,0,0,0,0,0,0,10,1,100,10,0,0,0,0,0,0,100,10
Sauk Village village,67769,683,104,4091,3,0,0,4000,2,8774,109,133,16,0,0,0,0,0,0,133,16,816,120,4091,3,0,0,4000,2,8907,125
Rosemont village,65819,5,1,0,0,0,0,0,0,5,1,0,0,0,0,0,0,3000,1,3000,1,5,1,0,0,0,0,3000,1,3005,2
Oakbrook Terrace city,54560,264,34,30,1,0,0,0,0,294,35,47,5,480,1,0,0,0,0,527,6,311,39,510,2,0,0,0,0,821,41
Virden city,78149,253,26,0,0,0,0,0,0,253,26,83,6,0,0,0,0,0,0,83,6,336,32,0,0,0,0,0,0,336,32
Oglesby city,55353,43,8,0,0,0,0,0,0,43,8,11,1,0,0,0,0,0,0,11,1,54,9,0,0,0,0,0,0,54,9
Dixon city,20162,456,52,96,1,0,0,0,0,552,53,92,7,480,1,0,0,0,0,572,8,548,59,576,2,0,0,0,0,1124,61
Crete village,17523,581,73,32,1,0,0,0,0,613,74,79,6,9940,2,0,0,5000,1,15019,9,660,79,9972,3,0,0,5000,1,15632,83
South Chicago Heights village,70629,233,37,0,0,0,0,0,0,233,37,64,8,270,1,0,0,0,0,334,9,297,45,270,1,0,0,0,0,567,46
Batavia city,04078,230,30,0,0,0,0,0,0,230,30,29,2,0,0,0,0,0,0,29,2,259,32,0,0,0,0,0,0,259,32
Henry city,34163,197,17,2000,1,0,0,0,0,2197,18,77,5,550,1,0,0,0,0,627,6,274,22,2550,2,0,0,0,0,2824,24
Shelbyville city,69186,265,35,0,0,0,0,0,0,265,35,83,10,0,0,0,0,0,0,83,10,348,45,0,0,0,0,0,0,348,45
Mossville CDP,50699,489,52,2000,1,0,0,2000,1,4489,54,51,5,0,0,0,0,0,0,51,5,540,57,2000,1,0,0,2000,1,4540,59
St. Joseph village,66950,612,70,675,2,0,0,0,0,1287,72,89,10,0,0,0,0,0,0,89,10,701,80,675,2,0,0,0,0,1376,82
East St. Louis city,22255,149,19,768,5,0,0,0,0,917,24,59,8,10400,5,0,0,0,0,10459,13,208,27,11168,10,0,0,0,0,11376,37
Robbins village,64616,284,38,0,0,0,0,0,0,284,38,24,4,0,0,0,0,0,0,24,4,308,42,0,0,0,0,0,0,308,42
North City village,53585,258,27,0,0,0,0,0,0,258,27,104,10,0,0,0,0,0,0,104,10,362,37,0,0,0,0,0,0,362,37
Lake Barrington village,40884,93,12,0,0,0,0,0,0,93,12,0,0,0,0,0,0,0,0,0,0,93,12,0,0,0,0,0,0,93,12
South Beloit city,70590,143,18,0,0,0,0,0,0,143,18,0,0,0,0,0,0,0,0,0,0,143,18,0,0,0,0,0,0,143,18
Roxana village,66131,194,18,72,1,0,0,0,0,266,19,56,8,5060,2,0,0,0,0,5116,10,250,26,5132,3,0,0,0,0,5382,29
Southern View village,70759,60,8,200,1,0,0,0,0,260,9,0,0,0,0,0,0,0,0,0,0,60,8,200,1,0,0,0,0,260,9
Christopher city,14286,425,43,0,0,0,0,0,0,425,43,83,6,0,0,0,0,0,0,83,6,508,49,0,0,0,0,0,0,508,49
Jonesboro city,38635,145,12,300,1,0,0,0,0,445,13,0,0,0,0,0,0,0,0,0,0,145,12,300,1,0,0,0,0,445,13
Streator city,73170,503,65,0,0,0,0,0,0,503,65,154,16,0,0,0,0,0,0,154,16,657,81,0,0,0,0,0,0,657,81
East Dundee village,21696,118,14,250,1,0,0,0,0,368,15,11,1,0,0,0,0,0,0,11,1,129,15,250,1,0,0,0,0,379,16
Murphysboro city,51453,203,23,0,0,0,0,0,0,203,23,34,4,0,0,0,0,0,0,34,4,237,27,0,0,0,0,0,0,237,27
Palos Heights city,57381,453,50,0,0,0,0,0,0,453,50,108,9,0,0,0,0,0,0,108,9,561,59,0,0,0,0,0,0,561,59
Washington Park village,79085,13,2,61,1,0,0,0,0,74,3,11,1,0,0,0,0,0,0,11,1,24,3,61,1,0,0,0,0,85,4
Centreville city,12203,50,4,1250,1,0,0,0,0,1300,5,51,5,0,0,0,0,0,0,51,5,101,9,1250,1,0,0,0,0,1351,10
Dixmoor village,20149,168,25,40,1,0,0,0,0,208,26,86,6,985,2,0,0,0,0,1071,8,254,31,1025,3,0,0,0,0,1279,34
Hoopeston city,36061,198,23,0,0,0,0,0,0,198,23,139,14,0,0,0,0,0,0,139,14,337,37,0,0,0,0,0,0,337,37
Spring Valley city,72156,150,18,0,0,0,0,0,0,150,18,57,6,0,0,0,0,0,0,57,6,207,24,0,0,0,0,0,0,207,24
Beardstown city,04351,181,18,0,0,0,0,0,0,181,18,39,5,0,0,0,0,0,0,39,5,220,23,0,0,0,0,0,0,220,23
Rosewood Heights CDP,65884,688,69,492,4,0,0,0,0,1180,73,166,18,600,1,0,0,0,0,766,19,854,87,1092,5,0,0,0,0,1946,92
Rock Island Arsenal CDP,65104,0,0,750,2,0,0,0,0,750,2,0,0,0,0,0,0,0,0,0,0,0,0,750,2,0,0,0,0,750,2
Steger village,72520,243,36,0,0,0,0,0,0,243,36,51,5,0,0,0,0,0,0,51,5,294,41,0,0,0,0,0,0,294,41
Princeton city,61899,154,15,52,1,0,0,0,0,206,16,15,2,0,0,0,0,0,0,15,2,169,17,52,1,0,0,0,0,221,18
Leland Grove city,42769,118,14,0,0,0,0,0,0,118,14,23,3,0,0,0,0,0,0,23,3,141,17,0,0,0,0,0,0,141,17
Ottawa city,56926,346,41,30,1,0,0,0,0,376,42,89,10,0,0,0,0,0,0,89,10,435,51,30,1,0,0,0,0,465,52
Danville city,18563,27,4,96,1,0,0,2000,1,2123,6,67,6,589,1,0,0,0,0,656,7,94,10,685,2,0,0,2000,1,2779,13
Peru city,59234,15,3,0,0,0,0,0,0,15,3,0,0,0,0,0,0,0,0,0,0,15,3,0,0,0,0,0,0,15,3
Newton city,52844,28,4,0,0,0,0,0,0,28,4,0,0,0,0,0,0,0,0,0,0,28,4,0,0,0,0,0,0,28,4
Kenilworth village,39519,38,4,0,0,0,0,0,0,38,4,0,0,0,0,0,0,0,0,0,0,38,4,0,0,0,0,0,0,38,4
Lincolnshire village,43666,36,4,100,1,0,0,0,0,136,5,0,0,0,0,0,0,0,0,0,0,36,4,100,1,0,0,0,0,136,5
Pontiac city,61015,195,21,0,0,0,0,0,0,195,21,20,2,97,1,0,0,0,0,117,3,215,23,97,1,0,0,0,0,312,24
Rantoul village,62783,24,1,0,0,0,0,2000,1,2024,2,0,0,0,0,0,0,0,0,0,0,24,1,0,0,0,0,2000,1,2024,2
Roodhouse city,65481,0,0,0,0,0,0,0,0,0,0,13,2,0,0,0,0,0,0,13,2,13,2,0,0,0,0,0,0,13,2
