place,place_id,dg_small_kw,dg_small_count,dg_large_kw,dg_large_count,cs_kw,cs_count,utility_kw,utility_count,total_kw,total_count,planned_dg_small_kw,planned_dg_small_count,planned_dg_large_kw,planned_dg_large_count,planned_cs_kw,planned_cs_count,planned_utility_kw,planned_utility_count,planned_total_kw,planned_total_count
Glencoe village,29652,124,18,0,0,0,0,0,0,124,18,0,0,0,0,0,0,0,0,0,0
,,298502,32133,212200,968,343618,174,2994800,166,3849120,33441,34506,3237,998838,536,0,0,3159400,38,4192744,3811
Westchester village,80047,786,138,0,0,0,0,0,0,786,138,84,11,0,0,0,0,0,0,84,11
Curran village,18147,801,76,0,0,0,0,0,0,801,76,44,4,0,0,0,0,0,0,44,4
Palos Hills city,57394,237,36,0,0,0,0,0,0,237,36,40,6,0,0,0,0,0,0,40,6
Mount Sterling city,51154,120,14,0,0,0,0,0,0,120,14,21,3,0,0,0,0,0,0,21,3
Deerfield village,18992,454,47,34,1,0,0,0,0,488,48,30,2,1250,1,0,0,0,0,1280,3
Peoria city,59000,5312,689,4422,19,0,0,0,0,9734,708,593,66,1612,4,0,0,0,0,2205,70
Decatur city,18823,638,86,103,2,0,0,0,0,741,88,90,11,4780,3,0,0,0,0,4870,14
Greenville city,31589,378,35,1598,6,0,0,0,0,1976,41,65,10,0,0,0,0,0,0,65,10
Scott AFB CDP,68328,609,69,4203,6,0,0,0,0,4812,75,53,6,688,1,0,0,0,0,741,7
Edwardsville city,22697,1061,119,1267,7,3946,2,2000,1,8274,129,178,17,106,2,0,0,0,0,284,19
Woodstock city,83349,982,153,0,0,0,0,0,0,982,153,32,5,4950,1,0,0,0,0,4982,6
Swansea village,74119,1386,143,72,1,0,0,0,0,1458,144,278,26,211,2,0,0,0,0,489,28
Geneva city,28872,310,35,48,1,0,0,0,0,358,36,59,5,0,0,0,0,0,0,59,5
Kincaid village,39909,440,47,0,0,0,0,0,0,440,47,81,10,350,2,0,0,0,0,431,12
Bannockburn village,03610,196,25,133,1,0,0,0,0,329,26,0,0,0,0,0,0,0,0,0,0
Coffeen city,15352,793,82,0,0,0,0,44200,1,44993,83,38,5,0,0,0,0,0,0,38,5
Wood River city,83271,430,51,449,4,0,0,0,0,879,55,51,7,0,0,0,0,0,0,51,7
Galva city,28430,306,33,713,8,0,0,0,0,1019,41,27,3,8875,3,0,0,0,0,8902,6
Springfield city,72000,2376,255,788,5,0,0,0,0,3164,260,257,33,537,3,0,0,0,0,794,36
East Peoria city,22164,1883,234,696,3,0,0,0,0,2579,237,140,18,4999,2,0,0,1000,1,6139,21
Jacksonville city,38115,868,94,1914,5,0,0,0,0,2782,99,142,17,100,1,0,0,0,0,242,18
Vernon Hills village,77694,1505,199,2164,6,0,0,0,0,3669,205,122,13,688,1,0,0,0,0,810,14
Wadsworth village,78370,980,120,434,2,0,0,0,0,1414,122,49,5,4990,1,0,0,0,0,5039,6
Wilmette village,82075,704,104,0,0,0,0,0,0,704,104,65,8,0,0,0,0,0,0,65,8
Buffalo Grove village,09447,1937,281,0,0,0,0,0,0,1937,281,208,26,0,0,0,0,0,0,208,26
St. Charles city,66703,223,30,2744,2,0,0,0,0,2967,32,30,4,625,1,0,0,0,0,655,5
Beach Park village,04303,1073,167,0,0,0,0,0,0,1073,167,30,5,0,0,0,0,0,0,30,5
Lemont village,42795,451,57,300,1,0,0,0,0,751,58,43,5,0,0,0,0,0,0,43,5
Lincolnwood village,43744,701,102,248,2,0,0,0,0,949,104,42,6,935,2,0,0,0,0,977,8
Arlington Heights village,02154,2403,340,3403,7,0,0,1100,1,6906,348,342,37,1780,7,0,0,0,0,2122,44
Skokie village,70122,3242,492,265,3,0,0,0,0,3507,495,192,27,1749,6,0,0,0,0,1941,33
Aurora city,03012,9204,1477,2003,10,0,0,0,0,11207,1487,997,131,4030,9,0,0,1900,1,6927,141
Plainfield village,60287,2539,336,532,3,1620,1,0,0,4691,340,216,24,0,0,0,0,0,0,216,24
Oak Park village,54885,2530,435,200,1,0,0,0,0,2730,436,215,26,0,0,0,0,0,0,215,26
Burr Ridge village,09980,609,71,1470,5,0,0,0,0,2079,76,166,14,0,0,0,0,0,0,166,14
Crestwood village,17497,81,13,502,2,0,0,0,0,583,15,12,1,900,1,0,0,0,0,912,2
Fairview Heights city,25141,602,72,0,0,0,0,0,0,602,72,137,14,760,2,0,0,0,0,897,16
Taylorville city,74574,760,89,522,3,4999,1,5000,1,11281,94,156,16,0,0,0,0,0,0,156,16
Chicago city,14000,36850,6016,11790,54,0,0,12400,4,61040,6074,4509,602,35456,60,0,0,13800,10,53765,672
Carol Stream village,11332,2112,317,647,2,0,0,0,0,2759,319,189,25,1882,3,0,0,0,0,2071,28
Forsyth village,27091,356,38,0,0,0,0,0,0,356,38,58,6,688,1,0,0,0,0,746,7
Huntley village,36750,1137,170,1250,1,0,0,0,0,2387,171,58,8,2750,1,0,0,0,0,2808,9
Godfrey village,30094,1554,149,1152,7,0,0,0,0,2706,156,311,32,222,3,0,0,0,0,533,35
Forest Park village,26935,548,93,67,1,0,0,0,0,615,94,54,8,0,0,0,0,0,0,54,8
Kewanee city,39727,249,21,451,6,0,0,0,0,700,27,42,5,0,0,0,0,0,0,42,5
New Lenox village,52584,1158,151,880,2,0,0,0,0,2038,153,93,13,800,2,0,0,0,0,893,15
Mettawa village,48671,407,39,134,2,0,0,0,0,541,41,44,4,5060,4,0,0,0,0,5104,8
Caseyville village,11644,618,68,0,0,0,0,0,0,618,68,103,12,0,0,0,0,0,0,103,12
Algonquin village,00685,1876,261,2160,3,0,0,1500,1,5536,265,79,11,0,0,0,0,0,0,79,11
Gages Lake CDP,28248,791,119,2580,2,0,0,0,0,3371,121,70,8,0,0,0,0,0,0,70,8
Paris city,57628,417,43,1011,4,0,0,0,0,1428,47,28,5,2000,1,0,0,0,0,2028,6
Herrin city,34358,766,71,53,1,4000,2,4000,2,8819,76,108,15,0,0,0,0,0,0,108,15
Glenview village,29938,1392,171,1733,3,0,0,0,0,3125,174,163,19,1398,4,0,0,0,0,1561,23
Marquette Heights city,47111,762,87,0,0,0,0,0,0,762,87,113,11,0,0,0,0,0,0,113,11
Bloomingdale village,06587,867,124,100,1,0,0,0,0,967,125,106,11,0,0,0,0,0,0,106,11
Flora city,26454,127,10,0,0,0,0,0,0,127,10,4,1,0,0,0,0,0,0,4,1
Zion city,84220,2410,358,0,0,0,0,0,0,2410,358,119,17,0,0,0,0,0,0,119,17
Elburn village,22931,591,72,33,1,0,0,0,0,624,73,14,1,5090,2,0,0,0,0,5104,3
Sycamore city,74223,661,93,600,2,0,0,0,0,1261,95,33,3,0,0,0,0,0,0,33,3
Galesburg city,28326,645,87,1771,8,2000,1,0,0,4416,96,242,22,3055,5,0,0,0,0,3297,27
Lake Zurich village,41742,1092,150,3417,4,0,0,0,0,4509,154,77,9,0,0,0,0,0,0,77,9
Grayslake village,31121,2230,328,3689,11,0,0,0,0,5919,339,202,21,7125,2,0,0,0,0,7327,23
Marion city,46916,698,69,424,6,0,0,0,0,1122,75,97,7,1832,5,0,0,0,0,1929,12
Gurnee village,32018,1848,264,2381,4,0,0,0,0,4229,268,123,14,0,0,0,0,0,0,123,14
Germantown Hills village,29080,1341,125,600,1,0,0,0,0,1941,126,76,6,360,1,0,0,0,0,436,7
Brookfield village,08576,693,120,985,2,0,0,0,0,1678,122,24,5,0,0,0,0,0,0,24,5
Granite City city,30926,1167,139,3339,8,0,0,2000,1,6506,148,312,38,8000,3,0,0,0,0,8312,41
Pontoon Beach village,61067,336,39,448,3,0,0,0,0,784,42,89,9,640,2,0,0,0,0,729,11
Downers Grove village,20591,1985,272,1593,7,0,0,0,0,3578,279,154,20,162,1,0,0,0,0,316,21
Farmington city,25531,181,22,182,3,0,0,0,0,363,25,40,5,42,1,0,0,0,0,82,6
Glen Ellyn village,29756,664,93,0,0,0,0,0,0,664,93,57,5,0,0,0,0,0,0,57,5
Petersburg city,59312,224,24,0,0,0,0,0,0,224,24,17,2,0,0,0,0,0,0,17,2
West City village,80073,107,9,1281,2,0,0,0,0,1388,11,8,1,48,1,0,0,0,0,56,2
Hinsdale village,35307,383,51,225,1,0,0,0,0,608,52,41,3,0,0,0,0,0,0,41,3
Bartonville village,04039,663,84,81,2,0,0,0,0,744,86,74,10,2035,2,0,0,0,0,2109,12
Mount Prospect village,51089,1194,174,0,0,0,0,0,0,1194,174,175,15,0,0,0,0,0,0,175,15
Elgin city,23074,4307,693,615,3,0,0,0,0,4922,696,468,68,1130,3,0,0,0,0,1598,71
Antioch village,01595,686,95,0,0,0,0,0,0,686,95,64,6,4625,1,0,0,0,0,4689,7
Streamwood village,73157,2206,363,43,1,0,0,0,0,2249,364,272,33,300,1,0,0,0,0,572,34
Collinsville city,15599,344,41,720,1,0,0,0,0,1064,42,59,6,540,1,0,0,0,0,599,7
Urbana city,77005,2336,319,95,2,0,0,0,0,2431,321,213,30,805,2,0,0,0,0,1018,32
Savoy village,67860,954,109,150,1,0,0,0,0,1104,110,100,12,0,0,0,0,0,0,100,12
Evanston city,24582,2004,331,1039,5,0,0,0,0,3043,336,151,21,1085,3,0,0,0,0,1236,24
Channahon village,12476,2228,314,28,1,0,0,0,0,2256,315,100,11,2200,2,0,0,0,0,2300,13
Crystal Lake city,17887,2119,308,920,3,0,0,0,0,3039,311,112,13,300,1,0,0,0,0,412,14
Washington city,79033,1255,148,179,2,0,0,0,0,1434,150,81,9,170,2,0,0,0,0,251,11
Inverness village,37608,478,57,0,0,0,0,0,0,478,57,56,5,0,0,0,0,0,0,56,5
Canton city,11007,962,113,351,3,0,0,0,0,1313,116,131,16,45,1,0,0,0,0,176,17
Cahokia village,10370,131,15,2620,3,0,0,1800,1,4551,19,16,2,0,0,0,0,0,0,16,2
Rockford city,65000,7308,1086,7527,30,0,0,4000,2,18835,1118,784,97,34113,22,0,0,4600,2,39497,121
Metamora village,48606,1012,94,120,2,0,0,0,0,1132,96,79,8,5000,1,0,0,0,0,5079,9
Champaign city,12385,5408,657,2331,9,0,0,0,0,7739,666,597,71,5475,9,0,0,0,0,6072,80
Tuscola city,76407,549,54,0,0,0,0,0,0,549,54,60,7,0,0,0,0,0,0,60,7
Joliet city,38570,7475,1123,1831,5,1850,1,8900,3,20056,1132,588,76,15990,6,0,0,4000,1,20578,83
Lake in the Hills village,41183,1380,208,0,0,0,0,0,0,1380,208,41,6,750,1,0,0,0,0,791,7
Chicago Heights city,14026,1141,197,1231,3,0,0,0,0,2372,200,116,15,1465,4,0,0,0,0,1581,19
Rome CDP,65403,562,64,0,0,0,0,0,0,562,64,43,5,0,0,0,0,0,0,43,5
Cortland town,16470,663,87,506,6,4000,2,2000,1,7169,96,18,2,4990,1,0,0,0,0,5008,3
Naperville city,51622,4516,597,1251,6,0,0,1000,1,6767,604,761,87,740,2,0,0,0,0,1501,89
Westmont village,80645,687,100,300,1,0,0,0,0,987,101,58,7,0,0,0,0,0,0,58,7
Bolingbrook village,07133,8536,1179,2139,3,0,0,1900,1,12575,1183,729,77,6386,7,0,0,0,0,7115,84
Hawthorn Woods village,33630,841,97,1560,4,0,0,0,0,2401,101,43,5,0,0,0,0,0,0,43,5
Elk Grove Village village,23256,1508,213,1876,10,0,0,0,0,3384,223,93,11,5244,8,0,0,3100,2,8437,21
Cicero town,14351,2098,354,319,2,0,0,0,0,2417,356,186,27,1920,1,0,0,1900,1,4006,29
Carbondale city,11163,600,67,200,1,0,0,0,0,800,68,19,3,0,0,0,0,0,0,19,3
Highland Park city,34722,1035,119,988,5,0,0,0,0,2023,124,137,12,912,1,0,0,0,0,1049,13
North Aurora village,53442,1095,173,310,2,0,0,0,0,1405,175,73,11,360,1,0,0,0,0,433,12
Des Plaines city,19642,2512,388,237,3,0,0,0,0,2749,391,271,35,3662,4,0,0,3000,2,6933,41
Waukegan city,79293,3193,523,2050,7,0,0,0,0,5243,530,251,32,1505,5,0,0,7000,1,8756,38
Campton Hills village,10906,1019,112,230,1,0,0,0,0,1249,113,279,25,0,0,0,0,0,0,279,25
Wayne village,79397,367,44,0,0,0,0,0,0,367,44,52,6,0,0,0,0,0,0,52,6
Spring Grove village,72052,183,20,0,0,0,0,0,0,183,20,10,1,0,0,0,0,0,0,10,1
West Chicago city,80060,765,120,600,2,0,0,0,0,1365,122,92,13,62,1,0,0,0,0,154,14
Justice village,38830,222,45,0,0,0,0,0,0,222,45,27,4,0,0,0,0,0,0,27,4
Crest Hill city,17458,728,117,231,2,0,0,0,0,959,119,40,6,0,0,0,0,0,0,40,6
Palos Park village,57407,487,51,0,0,0,0,0,0,487,51,87,9,240,1,0,0,0,0,327,10
Barrington Hills village,03883,1213,143,483,5,0,0,0,0,1696,148,44,6,0,0,0,0,0,0,44,6
Lockport city,44225,1171,164,0,0,0,0,0,0,1171,164,105,9,0,0,0,0,0,0,105,9
Roselle village,65806,668,99,334,3,0,0,0,0,1002,102,80,9,0,0,0,0,0,0,80,9
Harwood Heights village,33435,250,37,0,0,0,0,0,0,250,37,8,1,0,0,0,0,0,0,8,1
Oswego village,56887,2991,415,300,1,0,0,0,0,3291,416,194,24,998,2,0,0,0,0,1192,26
Northfield village,53663,318,39,2169,5,0,0,0,0,2487,44,34,3,69,1,0,0,0,0,103,4
Deer Park village,19083,387,52,0,0,0,0,0,0,387,52,8,2,0,0,0,0,0,0,8,2
Northlake city,53871,695,113,700,1,0,0,0,0,1395,114,38,6,4560,3,0,0,7100,4,11698,13
Hanover Park village,32746,1623,268,625,1,0,0,0,0,2248,269,151,20,186,1,0,0,0,0,337,21
Romeoville village,65442,3345,521,5150,4,0,0,0,0,8495,525,200,28,5760,5,0,0,3200,3,9160,36
Harrisburg city,33136,522,34,991,7,0,0,0,0,1513,41,18,2,105,2,0,0,0,0,123,4
Eldorado city,23009,137,12,935,3,0,0,0,0,1072,15,21,2,40,1,0,0,0,0,61,3
White Hall city,81256,116,11,0,0,0,0,0,0,116,11,9,1,0,0,0,0,0,0,9,1
Hillside village,35086,330,58,195,1,0,0,0,0,525,59,88,12,500,1,0,0,0,0,588,13
Hampshire village,32525,683,99,300,1,0,0,0,0,983,100,73,8,5070,2,0,0,0,0,5143,10
Olney city,55912,209,21,60,1,0,0,0,0,269,22,45,5,0,0,0,0,0,0,45,5
Lombard village,44407,1462,222,80,2,0,0,0,0,1542,224,182,23,34,1,0,0,0,0,216,24
Wheaton city,81048,1041,144,510,2,0,0,0,0,1551,146,100,14,1045,1,0,0,0,0,1145,15
Addison village,00243,1210,174,1955,6,0,0,0,0,3165,180,120,15,150,1,0,0,0,0,270,16
Normal town,53234,1942,268,859,6,0,0,0,0,2801,274,177,21,0,0,0,0,0,0,177,21
Orland Park village,56640,2102,265,420,1,0,0,0,0,2522,266,289,30,812,1,0,0,0,0,1101,31
Libertyville village,43250,272,36,1185,3,0,0,0,0,1457,39,16,2,0,0,0,0,0,0,16,2
Berwyn city,05573,1950,341,101,1,0,0,0,0,2051,342,182,28,70,1,0,0,0,0,252,29
Knoxville city,40416,286,35,630,2,0,0,0,0,916,37,80,7,0,0,0,0,0,0,80,7
Maywood village,47774,985,150,72,1,0,0,0,0,1057,151,154,19,0,0,0,0,0,0,154,19
Menominee village,48359,810,92,458,2,0,0,0,0,1268,94,85,8,0,0,0,0,0,0,85,8
Palatine village,57225,2131,284,909,2,0,0,0,0,3040,286,204,24,0,0,0,0,0,0,204,24
Shorewood village,69758,2048,273,540,1,0,0,0,0,2588,274,204,25,0,0,0,0,0,0,204,25
Glendale Heights village,29730,1704,278,2655,6,0,0,0,0,4359,284,132,18,8880,7,0,0,2900,2,11912,27
Schaumburg village,68003,3491,526,738,3,0,0,0,0,4229,529,316,38,1075,3,0,0,0,0,1391,41
Mundelein village,51349,1848,290,1166,7,0,0,0,0,3014,297,75,12,100,1,0,0,0,0,175,13
Homewood village,35879,619,89,480,1,0,0,0,0,1099,90,106,15,1950,3,0,0,0,0,2056,18
Morrison city,50530,232,26,279,3,2000,1,2000,1,4511,31,4,1,5000,1,0,0,0,0,5004,2
Morton Grove village,50647,2019,303,0,0,0,0,0,0,2019,303,175,18,960,1,0,0,0,0,1135,19
Sleepy Hollow village,70161,334,45,0,0,900,1,0,0,1234,46,53,7,2000,1,0,0,0,0,2053,8
Bedford Park village,04572,165,25,2016,3,0,0,1500,1,3681,29,7,1,11680,9,0,0,4000,2,15687,12
Tinley Park village,75484,1600,218,332,2,0,0,0,0,1932,220,146,16,400,1,0,0,0,0,546,17
Kankakee city,38934,301,48,5000,5,4000,2,2000,1,11301,56,41,7,0,0,0,0,0,0,41,7
Hoffman Estates village,35411,2463,378,397,3,0,0,0,0,2860,381,176,22,500,1,0,0,0,0,676,23
Lake Villa village,41586,1883,271,0,0,0,0,0,0,1883,271,215,26,0,0,0,0,0,0,215,26
Oak Lawn village,54820,2210,330,0,0,0,0,0,0,2210,330,231,23,387,2,0,0,0,0,618,25
Prospect Heights city,62016,267,35,0,0,0,0,0,0,267,35,16,1,0,0,0,0,0,0,16,1
Hazel Crest village,33695,789,128,400,1,0,0,0,0,1189,129,161,17,0,0,0,0,0,0,161,17
Carpentersville village,11358,571,102,0,0,0,0,1300,1,1871,103,42,6,0,0,0,0,0,0,42,6
Elmhurst city,23620,1461,194,188,1,0,0,0,0,1649,195,128,10,540,1,0,0,0,0,668,11
River Forest village,64304,363,47,67,1,0,0,0,0,430,48,12,2,0,0,0,0,0,0,12,2
University Park village,76935,831,115,0,0,0,0,0,0,831,115,109,14,1998,1,0,0,2000,1,4107,16
Machesney Park village,45726,3172,439,3002,13,1660,1,1700,1,9534,454,226,25,5125,2,0,0,0,0,5351,27
Belleville city,04845,841,108,1493,4,0,0,11900,2,14234,114,207,22,7000,2,0,0,0,0,7207,24
Western Springs village,80242,310,40,0,0,0,0,0,0,310,40,11,1,0,0,0,0,0,0,11,1
Mokena village,49854,901,111,420,3,0,0,0,0,1321,114,52,6,0,0,0,0,0,0,52,6
Lisle village,43939,582,84,0,0,0,0,0,0,582,84,29,4,135,1,0,0,0,0,164,5
Chester city,13139,60,5,280,1,0,0,0,0,340,6,13,1,0,0,0,0,0,0,13,1
Charleston city,12567,157,22,50,1,0,0,0,0,207,23,37,3,0,0,0,0,0,0,37,3
Carbon Cliff village,11150,54,7,50,1,0,0,0,0,104,8,4,1,0,0,0,0,0,0,4,1
Galena city,28300,896,102,285,4,0,0,0,0,1181,106,151,13,0,0,0,0,0,0,151,13
Winfield village,82400,179,25,0,0,0,0,0,0,179,25,29,3,0,0,0,0,0,0,29,3
Pekin city,58447,3127,414,229,3,0,0,0,0,3356,417,261,30,800,2,0,0,0,0,1061,32
Alton city,01114,529,65,415,3,0,0,0,0,944,68,173,21,5350,2,0,0,0,0,5523,23
Vandalia city,77317,220,26,0,0,0,0,0,0,220,26,3,1,2000,1,0,0,0,0,2003,2
Woodridge village,83245,1979,278,949,5,0,0,0,0,2928,283,203,25,0,0,0,0,0,0,203,25
Sugar Grove village,73391,530,70,630,2,0,0,0,0,1160,72,44,6,5450,2,0,0,0,0,5494,8
Moline city,49867,275,35,336,3,0,0,0,0,611,38,53,8,2005,4,0,0,0,0,2058,12
Glenwood village,30029,438,73,2000,1,2000,1,2000,1,6438,76,59,8,0,0,0,0,0,0,59,8
Lakemoor village,41326,442,61,965,2,0,0,0,0,1407,63,36,6,0,0,0,0,0,0,36,6
Northbrook village,53481,1035,138,1060,3,0,0,0,0,2095,141,98,10,0,0,0,0,0,0,98,10
Riverwoods village,64538,262,30,1302,6,0,0,0,0,1564,36,33,2,999,1,0,0,0,0,1032,3
Gibson City city,29125,463,49,850,4,0,0,0,0,1313,53,47,4,5000,1,0,0,0,0,5047,5
Clinton city,15001,311,38,552,3,0,0,0,0,863,41,22,4,60,1,0,0,0,0,82,5
Bloomington city,06613,2018,273,376,6,1999,1,2000,1,6393,281,222,24,688,1,0,0,0,0,910,25
Morton village,50621,579,66,311,3,0,0,0,0,890,69,56,4,0,0,0,0,0,0,56,4
Matteson village,47540,1716,238,2605,2,0,0,2000,1,6321,241,221,27,475,3,0,0,0,0,696,30
Sterling city,72546,277,39,1540,5,4999,1,0,0,6816,45,73,10,0,0,0,0,0,0,73,10
Cary village,11592,947,133,0,0,0,0,0,0,947,133,60,8,0,0,0,0,0,0,60,8
East Alton village,21553,268,30,729,4,0,0,0,0,997,34,33,3,200,1,0,0,0,0,233,4
Round Lake village,66027,872,132,966,2,0,0,0,0,1838,134,64,8,0,0,0,0,0,0,64,8
Freeport city,27884,1635,219,2197,7,4000,2,2000,1,9832,229,159,19,11106,7,0,0,2000,1,13265,27
Evergreen Park village,24634,744,124,0,0,0,0,0,0,744,124,150,18,0,0,0,0,0,0,150,18
Warrenville city,78929,300,46,0,0,0,0,0,0,300,46,29,4,0,0,0,0,0,0,29,4
Rolling Meadows city,65338,901,136,0,0,0,0,0,0,901,136,71,8,0,0,0,0,0,0,71,8
McHenry city,45694,885,122,300,1,0,0,0,0,1185,123,80,10,0,0,0,0,0,0,80,10
Candlewick Lake CDP,10936,515,77,0,0,0,0,0,0,515,77,37,5,0,0,0,0,0,0,37,5
Darien city,18628,1303,177,2248,7,0,0,0,0,3551,184,117,15,0,0,0,0,0,0,117,15
Frankfort village,27624,790,100,474,3,0,0,0,0,1264,103,79,8,0,0,0,0,0,0,79,8
Wheeling village,81087,911,134,2040,2,0,0,0,0,2951,136,147,16,200,1,0,0,0,0,347,17
South Roxana village,71240,426,48,286,2,0,0,0,0,712,50,43,4,30,1,0,0,0,0,73,5
Villa Park village,77993,628,98,0,0,0,0,0,0,628,98,106,9,0,0,0,0,0,0,106,9
Mount Vernon city,51180,460,37,1817,8,0,0,0,0,2277,45,45,4,4775,4,0,0,0,0,4820,8
South Barrington village,70564,548,66,0,0,0,0,0,0,548,66,70,7,0,0,0,0,0,0,70,7
Country Club Hills city,16691,1562,231,36,1,0,0,0,0,1598,232,115,15,0,0,0,0,0,0,115,15
Long Grove village,44524,738,81,93,2,0,0,0,0,831,83,118,8,0,0,0,0,0,0,118,8
Litchfield city,43965,273,29,130,3,0,0,0,0,403,32,36,4,0,0,0,0,0,0,36,4
Bradley village,07744,163,27,0,0,0,0,0,0,163,27,0,0,0,0,0,0,0,0,0,0
Homer Glen village,35835,1317,162,0,0,0,0,0,0,1317,162,108,11,0,0,0,0,0,0,108,11
Carlinville city,11202,316,39,0,0,0,0,0,0,316,39,39,6,0,0,0,0,0,0,39,6
Staunton city,72403,466,51,265,3,0,0,0,0,731,54,9,2,0,0,0,0,0,0,9,2
North Chicago city,53559,549,96,0,0,0,0,0,0,549,96,59,11,0,0,0,0,0,0,59,11
Oak Forest city,54638,1255,186,0,0,0,0,0,0,1255,186,117,18,0,0,0,0,0,0,117,18
Beecher village,04585,325,41,46,1,2000,1,6000,3,8371,46,27,3,3000,1,0,0,0,0,3027,4
Belvidere city,05092,1551,238,68,1,0,0,0,0,1619,239,183,20,0,0,0,0,0,0,183,20
Anna city,01543,141,13,0,0,0,0,0,0,141,13,11,1,0,0,0,0,0,0,11,1
Oak Brook village,54534,537,57,45,1,0,0,0,0,582,58,152,11,0,0,0,0,0,0,152,11
Pittsfield city,60222,239,27,67,1,0,0,0,0,306,28,95,13,0,0,0,0,0,0,95,13
Berkeley village,05404,350,60,93,1,0,0,0,0,443,61,9,2,0,0,0,0,0,0,9,2
Loves Park city,45031,1624,233,849,5,0,0,0,0,2473,238,261,26,1752,3,0,0,0,0,2013,29
La Grange village,40767,355,56,230,2,0,0,0,0,585,58,28,4,480,1,0,0,0,0,508,5
Midlothian village,48892,623,94,144,1,0,0,0,0,767,95,30,4,0,0,0,0,0,0,30,4
West Peoria city,80736,176,27,67,1,0,0,0,0,243,28,7,2,50,1,0,0,0,0,57,3
Alsip village,01010,1042,166,1797,3,0,0,0,0,2839,169,69,8,1710,4,0,0,0,0,1779,12
Hickory Hills city,34514,704,99,0,0,0,0,0,0,704,99,17,2,500,1,0,0,0,0,517,3
Franklin Park village,27702,754,130,2518,3,0,0,3100,2,6372,135,118,11,23817,14,0,0,1200,1,25135,26
Park Ridge city,57875,1022,144,206,2,0,0,0,0,1228,146,73,7,0,0,0,0,0,0,73,7
Granville village,31017,155,18,0,0,1992,1,4000,2,6147,21,37,4,4000,2,0,0,0,0,4037,6
Fisher village,26194,983,91,60,1,0,0,0,0,1043,92,59,6,0,0,0,0,0,0,59,6
Hodgkins village,35385,58,9,1987,3,0,0,0,0,2045,12,0,0,2720,2,0,0,2000,1,4720,3
Melrose Park village,48242,639,107,0,0,0,0,0,0,639,107,80,12,143,2,0,0,0,0,223,14
Mahomet village,46136,1561,175,0,0,0,0,0,0,1561,175,181,16,0,0,0,0,0,0,181,16
Maryville village,47397,532,59,0,0,0,0,0,0,532,59,91,10,0,0,0,0,0,0,91,10
Monticello city,50244,953,98,30,1,0,0,0,0,983,99,87,10,30,1,0,0,0,0,117,11
Coal Valley village,15235,100,13,0,0,0,0,0,0,100,13,10,1,0,0,0,0,0,0,10,1
Mascoutah city,47423,235,28,0,0,0,0,0,0,235,28,21,3,0,0,0,0,0,0,21,3
Glen Carbon village,29639,800,83,43,1,0,0,0,0,843,84,194,18,0,0,0,0,0,0,194,18
Riverside village,64421,357,54,0,0,0,0,0,0,357,54,62,5,0,0,0,0,0,0,62,5
Carthage city,11527,263,27,260,2,0,0,0,0,523,29,148,12,222,2,0,0,0,0,370,14
South Elgin village,70720,1998,292,67,1,0,0,0,0,2065,293,117,17,216,1,0,0,0,0,333,18
Gilberts village,29171,489,65,0,0,0,0,0,0,489,65,18,2,0,0,0,0,0,0,18,2
Wonder Lake village,82855,572,69,0,0,0,0,0,0,572,69,67,5,5000,1,0,0,0,0,5067,6
O'Fallon city,55249,2392,257,2695,11,0,0,0,0,5087,268,357,35,390,2,0,0,0,0,747,37
Sparta city,71448,136,11,1089,4,0,0,0,0,1225,15,8,1,40,1,0,0,0,0,48,2
Bartlett village,04013,2536,376,0,0,0,0,0,0,2536,376,259,31,0,0,0,0,0,0,259,31
Rock Falls city,64928,14,2,34,1,0,0,0,0,48,3,0,0,0,0,0,0,0,0,0,0
Fulton city,28144,60,9,40,1,2000,1,2000,1,4100,12,27,3,531,1,0,0,0,0,558,4
Geneseo city,28846,136,16,154,4,0,0,0,0,290,20,0,0,0,0,0,0,0,0,0,0
Marengo city,46786,532,64,0,0,1950,1,0,0,2482,65,37,3,0,0,0,0,0,0,37,3
Columbia city,15833,588,60,38,1,0,0,0,0,626,61,125,9,99,1,0,0,0,0,224,10
Winthrop Harbor village,82686,383,55,0,0,0,0,0,0,383,55,0,0,1992,1,0,0,0,0,1992,1
Plano city,60352,1276,177,852,1,0,0,0,0,2128,178,134,15,0,0,0,0,0,0,134,15
Rock Island city,65078,244,41,620,2,0,0,0,0,864,43,34,7,0,0,0,0,0,0,34,7
Wood Dale city,82985,384,61,628,3,0,0,0,0,1012,64,29,4,0,0,0,0,0,0,29,4
Watseka city,79228,60,8,533,1,2000,1,0,0,2593,10,8,1,0,0,0,0,0,0,8,1
Silvis city,69979,45,7,125,1,0,0,0,0,170,8,11,2,35,1,0,0,0,0,46,3
Burbank city,09642,886,143,0,0,0,0,0,0,886,143,223,26,0,0,0,0,0,0,223,26
Quincy city,62367,1882,212,2051,10,0,0,0,0,3933,222,339,37,60,1,0,0,0,0,399,38
Bensenville village,05248,449,66,0,0,0,0,0,0,449,66,32,5,1320,1,0,0,0,0,1352,6
Paxton city,58239,297,34,990,3,0,0,0,0,1287,37,14,2,0,0,0,0,0,0,14,2
Markham city,47007,569,88,208,2,0,0,0,0,777,90,83,9,1113,3,0,0,0,0,1196,12
Long Lake CDP,44550,63,12,52,1,0,0,0,0,115,13,51,6,0,0,0,0,0,0,51,6
Harvey city,33383,417,72,299,2,0,0,0,0,716,74,96,15,1978,2,0,0,0,0,2074,17
Island Lake village,37894,297,48,0,0,0,0,0,0,297,48,27,3,0,0,0,0,0,0,27,3
Willowbrook village,81919,221,31,0,0,0,0,0,0,221,31,24,4,0,0,0,0,0,0,24,4
East Moline city,22073,160,21,250,2,0,0,0,0,410,23,4,1,0,0,0,0,0,0,4,1
Milan village,49009,64,8,2178,4,0,0,0,0,2242,12,11,1,197,3,0,0,0,0,208,4
Centralia city,12164,151,12,642,6,0,0,0,0,793,18,85,8,1200,2,0,0,0,0,1285,10
La Grange Park village,40793,364,62,173,1,0,0,0,0,537,63,27,3,0,0,0,0,0,0,27,3
Bull Valley village,09531,526,55,0,0,0,0,0,0,526,55,80,6,0,0,0,0,0,0,80,6
Merrionette Park village,48554,234,38,0,0,0,0,0,0,234,38,24,4,840,1,0,0,0,0,864,5
Montgomery village,50218,1937,282,105,1,0,0,0,0,2042,283,120,14,0,0,0,0,0,0,120,14
Bridgeport city,08186,59,6,38,1,4000,2,0,0,4097,9,31,2,0,0,0,0,0,0,31,2
Bellwood village,04975,529,96,86,1,0,0,0,0,615,97,114,16,390,2,0,0,0,0,504,18
Summit village,73638,296,42,0,0,0,0,0,0,296,42,20,3,0,0,0,0,0,0,20,3
Highland city,34670,139,14,0,0,0,0,0,0,139,14,0,0,250,1,0,0,0,0,250,1
Carterville city,11514,691,61,1342,2,650,1,1300,1,3983,65,87,10,0,0,0,0,0,0,87,10
Du Quoin city,21267,195,18,180,1,0,0,0,0,375,19,12,2,0,0,0,0,0,0,12,2
Yorkville city,84038,1176,159,0,0,0,0,0,0,1176,159,84,10,0,0,0,0,0,0,84,10
Shiloh village,69524,1750,187,26,1,0,0,0,0,1776,188,257,26,0,0,0,0,0,0,257,26
DeKalb city,19161,841,118,300,1,0,0,0,0,1141,119,75,11,5625,2,0,0,4900,1,10600,14
Aledo city,00646,255,20,499,4,0,0,0,0,754,24,9,2,0,0,0,0,0,0,9,2
Peoria Heights village,59026,407,58,393,1,0,0,0,0,800,59,52,6,0,0,0,0,0,0,52,6
West Frankfort city,80333,68,6,45,1,2000,1,2000,1,4113,9,27,2,0,0,0,0,0,0,27,2
Monee village,49945,305,37,5674,5,0,0,3500,2,9479,44,67,5,12990,3,0,0,2300,1,15357,9
Madison city,45993,391,41,599,1,0,0,0,0,990,42,75,7,5000,1,0,0,0,0,5075,8
Lakewood village,41651,227,30,0,0,0,0,0,0,227,30,24,2,0,0,0,0,0,0,24,2
Lincoln city,43536,299,40,275,2,0,0,0,0,574,42,75,10,180,1,0,0,0,0,255,11
Indian Head Park village,37257,326,41,0,0,0,0,0,0,326,41,42,4,0,0,0,0,0,0,42,4
Prairie Grove village,61678,743,106,0,0,0,0,0,0,743,106,22,2,4990,1,0,0,0,0,5012,3
Venetian Village CDP,77460,314,48,0,0,0,0,0,0,314,48,38,5,0,0,0,0,0,0,38,5
Colona city,15664,84,13,240,1,0,0,0,0,324,14,43,6,0,0,0,0,0,0,43,6
Lansing village,42028,1297,196,0,0,0,0,0,0,1297,196,191,25,0,0,0,0,0,0,191,25
Orland Hills village,56627,357,55,38,1,0,0,0,0,395,56,27,3,400,1,0,0,0,0,427,4
Broadview village,08446,385,65,780,2,0,0,0,0,1165,67,95,13,1235,3,0,0,0,0,1330,16
Lake Holiday CDP,41157,194,26,0,0,0,0,0,0,194,26,0,0,0,0,0,0,0,0,0,0
Niles village,53000,722,123,0,0,0,0,0,0,722,123,49,5,3240,1,0,0,0,0,3289,6
Richton Park village,63706,554,82,0,0,0,0,0,0,554,82,54,7,0,0,0,0,0,0,54,7
Cherry Valley village,13074,291,43,347,2,0,0,0,0,638,45,10,1,400,1,0,0,0,0,410,2
North Barrington village,53455,124,12,0,0,0,0,0,0,124,12,6,1,0,0,0,0,0,0,6,1
Round Lake Beach village,66040,952,158,28,1,0,0,0,0,980,159,73,14,0,0,0,0,0,0,73,14
Lyons village,45434,426,72,100,1,0,0,0,0,526,73,9,2,4040,2,0,0,0,0,4049,4
Stickney village,72676,291,43,0,0,0,0,0,0,291,43,4,1,0,0,0,0,0,0,4,1
Creve Coeur village,17549,307,42,0,0,0,0,0,0,307,42,62,10,0,0,0,0,0,0,62,10
Boulder Hill CDP,07419,890,139,0,0,0,0,0,0,890,139,47,4,0,0,0,0,0,0,47,4
Dwight village,21358,100,13,0,0,0,0,0,0,100,13,26,4,0,0,0,0,0,0,26,4
Burnham village,09798,133,22,0,0,0,0,0,0,133,22,0,0,0,0,0,0,0,0,0,0
Clarendon Hills village,14572,234,26,0,0,0,0,0,0,234,26,24,3,0,0,0,0,0,0,24,3
Elmwood Park village,23724,535,84,0,0,0,0,0,0,535,84,71,10,2520,1,0,0,0,0,2591,11
Round Lake Park village,66066,326,59,0,0,0,0,0,0,326,59,18,3,0,0,0,0,0,0,18,3
Hamilton city,32434,477,45,0,0,0,0,0,0,477,45,97,7,0,0,0,0,0,0,97,7
Bay View Gardens village,04273,347,36,33,1,0,0,0,0,380,37,69,7,0,0,0,0,0,0,69,7
Itasca village,37907,186,26,133,1,0,0,0,0,319,27,0,0,36,1,0,0,0,0,36,1
Park Forest village,57732,564,94,442,1,0,0,0,0,1006,95,25,5,0,0,0,0,0,0,25,5
Lindenhurst village,43770,864,117,0,0,0,0,0,0,864,117,100,12,0,0,0,0,0,0,100,12
Posen village,61314,330,50,0,0,0,0,0,0,330,50,34,5,2990,2,0,0,0,0,3024,7
Hometown city,35866,138,29,0,0,0,0,0,0,138,29,14,3,0,0,0,0,0,0,14,3
Wauconda village,79267,153,24,0,0,0,0,0,0,153,24,0,0,0,0,0,0,0,0,0,0
Schiller Park village,68081,317,48,276,1,0,0,0,0,593,49,63,6,360,1,0,0,0,0,423,7
Green Oaks village,31446,115,12,0,0,0,0,0,0,115,12,14,1,0,0,0,0,0,0,14,1
North Riverside village,54144,230,39,0,0,0,0,0,0,230,39,0,0,0,0,0,0,0,0,0,0
Flossmoor village,26571,921,120,0,0,0,0,0,0,921,120,59,6,0,0,0,0,0,0,59,6
Highwood city,34865,57,8,0,0,0,0,0,0,57,8,0,0,0,0,0,0,0,0,0,0
Worth village,83518,321,52,0,0,0,0,0,0,321,52,29,5,0,0,0,0,0,0,29,5
Dolton village,20292,1166,202,0,0,0,0,0,0,1166,202,111,15,0,0,0,0,0,0,111,15
Olympia Fields village,55938,156,19,0,0,0,0,0,0,156,19,34,2,0,0,0,0,0,0,34,2
Harvard city,33331,239,36,0,0,0,0,4000,2,4239,38,18,4,33,1,0,0,0,0,51,5
Bethalto village,05599,704,74,0,0,0,0,0,0,704,74,157,15,0,0,0,0,0,0,157,15
Wilmington city,82101,125,15,0,0,0,0,0,0,125,15,6,1,0,0,0,0,0,0,6,1
Braidwood city,07770,294,36,0,0,0,0,0,0,294,36,16,2,2000,1,0,0,0,0,2016,3
Norridge village,53377,315,50,0,0,0,0,0,0,315,50,34,4,0,0,0,0,0,0,34,4
Thornton village,75185,160,24,0,0,0,0,0,0,160,24,15,1,600,1,0,0,0,0,615,2
Bridgeview village,08225,381,58,445,3,0,0,0,0,826,61,66,8,500,1,0,0,0,0,566,9
Chicago Ridge village,14065,294,45,279,3,0,0,0,0,573,48,27,5,0,0,0,0,0,0,27,5
Pistakee Highlands CDP,60144,147,24,0,0,0,0,0,0,147,24,15,2,0,0,0,0,0,0,15,2
Calumet City city,10487,1619,265,1980,1,0,0,0,0,3599,266,277,37,5745,3,0,0,0,0,6022,40
Fairmont CDP,24920,45,8,0,0,0,0,0,0,45,8,4,1,0,0,0,0,0,0,4,1
Macomb city,45889,112,15,97,2,0,0,2000,1,2209,18,35,3,175,1,0,0,0,0,210,4
Rockton village,65156,203,26,1500,1,0,0,0,0,1703,27,0,0,0,0,0,0,0,0,0,0
Lake Forest city,41105,199,24,0,0,0,0,0,0,199,24,42,4,0,0,0,0,0,0,42,4
Chillicothe city,14117,639,84,100,1,0,0,0,0,739,85,89,8,2000,1,0,0,0,0,2089,9
River Grove village,64343,227,40,110,1,0,0,0,0,337,41,30,4,1430,1,0,0,0,0,1460,5
Havana city,33513,183,20,0,0,0,0,0,0,183,20,30,3,1300,3,0,0,0,0,1330,6
Countryside city,16873,137,18,0,0,0,0,0,0,137,18,12,1,0,0,0,0,0,0,12,1
Manhattan village,46357,444,61,0,0,0,0,0,0,444,61,76,8,0,0,0,0,0,0,76,8
Rockdale village,64902,31,5,0,0,0,0,0,0,31,5,0,0,60,1,0,0,0,0,60,1
Stone Park village,72923,173,33,83,2,0,0,0,0,256,35,10,2,3000,1,0,0,0,0,3010,3
Lake Bluff village,40910,122,17,0,0,0,0,0,0,122,17,44,4,0,0,0,0,0,0,44,4
Rochelle city,64746,23,3,0,0,0,0,300,1,323,4,0,0,0,0,0,0,0,0,0,0
South Holland village,70850,2049,309,500,4,0,0,0,0,2549,313,280,34,1354,3,0,0,0,0,1634,37
Calumet Park village,10513,366,60,0,0,0,0,0,0,366,60,44,7,400,1,0,0,0,0,444,8
Ingalls Park CDP,37465,82,12,0,0,0,0,0,0,82,12,0,0,0,0,0,0,0,0,0,0
Frankfort Square CDP,27644,191,30,0,0,0,0,0,0,191,30,16,2,0,0,0,0,0,0,16,2
Roscoe village,65611,1791,243,490,2,0,0,1500,1,3781,246,233,22,2000,1,0,0,0,0,2233,23
Lewistown city,43055,133,15,0,0,0,0,0,0,133,15,11,2,0,0,0,0,0,0,11,2
Fairfield city,24816,27,2,40,1,0,0,0,0,67,3,8,1,319,1,0,0,0,0,327,2
Blue Island city,06704,318,57,72,1,0,0,0,0,390,58,32,4,0,0,0,0,0,0,32,4
Bourbonnais village,07471,71,10,1000,1,0,0,0,0,1071,11,0,0,0,0,0,0,0,0,0,0
Monmouth city,50010,304,34,520,3,0,0,35000,1,35824,38,88,9,0,0,0,0,0,0,88,9
Fox Lake village,27442,275,37,180,1,0,0,0,0,455,38,28,3,0,0,0,0,0,0,28,3
Sandwich city,67548,230,34,0,0,0,0,0,0,230,34,20,2,0,0,0,0,0,0,20,2
LaSalle city,42184,71,11,0,0,0,0,0,0,71,11,11,2,0,0,0,0,0,0,11,2
Riverdale village,64278,156,30,0,0,0,0,0,0,156,30,4,1,0,0,0,0,0,0,4,1
Golf village,30328,82,10,0,0,0,0,0,0,82,10,0,0,0,0,0,0,0,0,0,0
Pana city,57472,181,23,0,0,0,0,0,0,181,23,20,2,0,0,0,0,0,0,20,2
Phoenix village,59572,155,26,0,0,0,0,0,0,155,26,7,1,125,1,0,0,0,0,132,2
Winnetka village,82530,61,7,0,0,0,0,0,0,61,7,0,0,0,0,0,0,0,0,0,0
Sauk Village village,67769,536,88,2091,2,0,0,4000,2,6627,92,50,8,0,0,0,0,0,0,50,8
Rosemont village,65819,5,1,0,0,0,0,0,0,5,1,0,0,0,0,0,0,3000,1,3000,1
Oakbrook Terrace city,54560,192,28,0,0,0,0,0,0,192,28,24,3,30,1,0,0,0,0,54,4
Virden city,78149,170,17,0,0,0,0,0,0,170,17,56,5,0,0,0,0,0,0,56,5
Oglesby city,55353,43,8,0,0,0,0,0,0,43,8,0,0,0,0,0,0,0,0,0,0
Dixon city,20162,294,35,96,1,0,0,0,0,390,36,105,9,480,1,0,0,0,0,585,10
Crete village,17523,493,64,32,1,0,0,0,0,525,65,36,3,4990,1,0,0,0,0,5026,4
South Chicago Heights village,70629,147,26,0,0,0,0,0,0,147,26,38,4,0,0,0,0,0,0,38,4
Batavia city,04078,178,23,0,0,0,0,0,0,178,23,23,3,0,0,0,0,0,0,23,3
Henry city,34163,116,11,0,0,0,0,0,0,116,11,49,3,2550,2,0,0,0,0,2599,5
Shelbyville city,69186,90,12,0,0,0,0,0,0,90,12,14,2,0,0,0,0,0,0,14,2
Mossville CDP,50699,415,44,2000,1,0,0,2000,1,4415,46,40,5,0,0,0,0,0,0,40,5
St. Joseph village,66950,442,52,675,2,0,0,0,0,1117,54,43,5,0,0,0,0,0,0,43,5
East St. Louis city,22255,76,8,702,4,0,0,0,0,778,12,5,1,0,0,0,0,0,0,5,1
Robbins village,64616,96,19,0,0,0,0,0,0,96,19,5,1,0,0,0,0,0,0,5,1
North City village,53585,155,14,0,0,0,0,0,0,155,14,10,1,0,0,0,0,0,0,10,1
Lake Barrington village,40884,72,10,0,0,0,0,0,0,72,10,21,2,0,0,0,0,0,0,21,2
South Beloit city,70590,128,17,0,0,0,0,0,0,128,17,15,1,0,0,0,0,0,0,15,1
Roxana village,66131,89,11,72,1,0,0,0,0,161,12,85,5,5000,1,0,0,0,0,5085,6
Southern View village,70759,56,7,200,1,0,0,0,0,256,8,4,1,0,0,0,0,0,0,4,1
Christopher city,14286,202,21,0,0,0,0,0,0,202,21,66,5,0,0,0,0,0,0,66,5
Jonesboro city,38635,89,8,300,1,0,0,0,0,389,9,30,2,0,0,0,0,0,0,30,2
Streator city,73170,362,50,0,0,0,0,0,0,362,50,33,5,0,0,0,0,0,0,33,5
East Dundee village,21696,85,11,250,1,0,0,0,0,335,12,0,0,0,0,0,0,0,0,0,0
Murphysboro city,51453,80,10,0,0,0,0,0,0,80,10,8,1,0,0,0,0,0,0,8,1
Palos Heights city,57381,327,38,0,0,0,0,0,0,327,38,19,2,0,0,0,0,0,0,19,2
Washington Park village,79085,5,1,61,1,0,0,0,0,66,2,0,0,0,0,0,0,0,0,0,0
Centreville city,12203,33,2,1250,1,0,0,0,0,1283,3,8,1,0,0,0,0,0,0,8,1
Dixmoor village,20149,114,19,0,0,0,0,0,0,114,19,6,1,0,0,0,0,0,0,6,1
Hoopeston city,36061,99,12,0,0,0,0,0,0,99,12,36,4,0,0,0,0,0,0,36,4
Spring Valley city,72156,108,13,0,0,0,0,0,0,108,13,23,3,0,0,0,0,0,0,23,3
Roodhouse city,65481,6,1,0,0,0,0,0,0,6,1,5,1,0,0,0,0,0,0,5,1
Beardstown city,04351,102,10,0,0,0,0,0,0,102,10,8,1,0,0,0,0,0,0,8,1
Rosewood Heights CDP,65884,349,36,107,2,0,0,0,0,456,38,90,9,265,1,0,0,0,0,355,10
Rock Island Arsenal CDP,65104,0,0,750,2,0,0,0,0,750,2,0,0,0,0,0,0,0,0,0,0
Steger village,72520,175,27,0,0,0,0,0,0,175,27,17,2,0,0,0,0,0,0,17,2
Morris city,50491,168,23,0,0,0,0,0,0,168,23,65,5,2000,1,0,0,0,0,2065,6
Princeton city,61899,113,10,0,0,0,0,0,0,113,10,0,0,52,1,0,0,0,0,52,1
Leland Grove city,42769,104,12,0,0,0,0,0,0,104,12,22,3,0,0,0,0,0,0,22,3
Ottawa city,56926,223,28,30,1,0,0,0,0,253,29,68,7,0,0,0,0,0,0,68,7
Danville city,18563,15,2,96,1,0,0,2000,1,2111,4,8,1,0,0,0,0,0,0,8,1
Peru city,59234,10,2,0,0,0,0,0,0,10,2,5,1,0,0,0,0,0,0,5,1
Newton city,52844,28,4,0,0,0,0,0,0,28,4,0,0,0,0,0,0,0,0,0,0
Kenilworth village,39519,30,3,0,0,0,0,0,0,30,3,0,0,0,0,0,0,0,0,0,0
Lincolnshire village,43666,36,4,100,1,0,0,0,0,136,5,0,0,0,0,0,0,0,0,0,0
Pontiac city,61015,106,15,0,0,0,0,0,0,106,15,12,1,0,0,0,0,0,0,12,1
Rantoul village,62783,0,0,0,0,0,0,2000,1,2000,1,24,1,0,0,0,0,0,0,24,1
