zipcode,cs,cs_count,dg_large,dg_large_count,dg_small,dg_small_count,utility,utility_count,grand_total,grand_total_count
52761,0,0,0,0,0,0,0,0,0,0
60002,0,0,1850,1,828,114,0,0,2678,115
60004,0,0,1965,3,698,104,0,0,2663,107
60005,0,0,200,1,349,53,0,0,549,54
60007,0,0,283,2,744,109,0,0,1027,111
60008,0,0,1100,1,313,58,0,0,1413,59
60010,0,0,107,3,1391,164,0,0,1498,167
60012,0,0,0,0,366,41,0,0,366,41
60013,0,0,43,1,782,114,0,0,826,115
60014,0,0,920,3,1332,194,0,0,2252,197
60015,0,0,201,2,334,43,0,0,534,45
60016,0,0,62,1,747,116,0,0,810,117
60018,0,0,246,3,455,75,0,0,701,78
60020,0,0,0,0,289,46,0,0,289,46
60021,0,0,0,0,102,14,0,0,102,14
60022,0,0,0,0,67,10,0,0,67,10
60025,0,0,420,1,511,71,0,0,931,72
60026,0,0,0,0,165,22,0,0,165,22
60029,0,0,0,0,0,0,0,0,0,0
60030,0,0,3955,10,1120,169,0,0,5075,179
60031,0,0,4107,5,803,118,0,0,4910,123
60033,1950,1,2320,8,395,50,0,0,4665,59
60034,0,0,467,1,101,12,0,0,568,13
60035,0,0,850,3,355,49,0,0,1205,52
60037,0,0,0,0,8,1,0,0,8,1
60040,0,0,0,0,28,5,0,0,28,5
60041,0,0,1560,2,265,35,0,0,1825,37
60042,0,0,0,0,295,49,0,0,295,49
60043,0,0,0,0,8,1,0,0,8,1
60044,0,0,0,0,59,9,0,0,59,9
60045,0,0,100,1,177,20,0,0,277,21
60046,0,0,0,0,825,116,0,0,825,116
60047,0,0,1642,3,1378,191,0,0,3020,194
60048,0,0,240,2,401,53,0,0,641,55
60050,0,0,467,1,915,128,0,0,1381,129
60051,0,0,65,1,653,87,0,0,718,88
60053,0,0,0,0,603,95,0,0,603,95
60056,0,0,0,0,646,102,0,0,646,102
60060,0,0,1230,4,984,157,0,0,2214,161
60061,0,0,672,3,779,108,0,0,1452,111
60062,0,0,880,1,746,94,0,0,1626,95
60064,0,0,0,0,256,43,0,0,256,43
60067,0,0,500,1,944,125,0,0,1444,126
60068,0,0,120,1,418,65,0,0,538,66
60069,0,0,43,1,70,11,0,0,114,12
60070,0,0,0,0,200,25,0,0,200,25
60071,0,0,250,1,95,11,0,0,345,12
60072,0,0,0,0,31,4,0,0,31,4
60073,0,0,485,2,2642,397,0,0,3127,399
60074,0,0,520,2,381,58,0,0,901,60
60075,0,0,0,0,0,0,0,0,0,0
60076,0,0,60,1,774,120,0,0,834,121
60077,0,0,203,2,429,69,0,0,632,71
60081,0,0,0,0,180,25,0,0,180,25
60083,0,0,400,1,483,62,0,0,883,63
60084,0,0,0,0,655,84,0,0,655,84
60085,0,0,1040,3,875,155,0,0,1915,158
60087,0,0,0,0,825,133,0,0,825,133
60088,0,0,0,0,0,0,0,0,0,0
60089,0,0,221,2,710,109,0,0,931,111
60090,0,0,2040,2,303,48,0,0,2343,50
60091,0,0,0,0,281,43,0,0,281,43
60093,0,0,899,3,116,15,0,0,1015,18
60096,0,0,0,0,135,19,0,0,135,19
60097,0,0,60,2,392,52,0,0,452,54
60098,1950,1,2133,4,1246,168,0,0,5329,173
60099,0,0,0,0,1121,164,0,0,1121,164
60101,0,0,596,3,497,79,0,0,1093,82
60102,0,0,1980,2,1110,154,2800,2,5890,158
60103,0,0,482,2,876,136,0,0,1358,138
60104,0,0,86,1,169,32,0,0,255,33
60106,0,0,0,0,316,49,0,0,316,49
60107,0,0,0,0,1175,197,0,0,1175,197
60108,0,0,767,2,394,58,0,0,1161,60
60109,1950,1,0,0,0,0,0,0,1950,1
60110,0,0,0,0,709,125,0,0,709,125
60111,0,0,0,0,10,1,0,0,10,1
60112,2000,1,0,0,222,34,2000,1,4222,36
60113,0,0,0,0,0,0,0,0,0,0
60115,2000,1,2376,6,885,112,0,0,5261,119
60118,0,0,250,1,296,43,0,0,546,44
60119,0,0,230,1,345,48,0,0,575,49
60120,0,0,0,0,771,132,0,0,771,132
60123,900,1,494,1,913,151,0,0,2307,153
60124,0,0,0,0,1166,172,0,0,1166,172
60126,0,0,0,0,766,114,0,0,766,114
60129,0,0,0,0,29,3,0,0,29,3
60130,0,0,67,1,231,40,0,0,297,41
60131,0,0,0,0,336,58,0,0,336,58
60133,0,0,0,0,957,164,0,0,957,164
60134,0,0,48,1,260,34,0,0,308,35
60135,0,0,30,1,298,38,0,0,328,39
60136,0,0,0,0,383,53,0,0,383,53
60137,0,0,824,2,625,89,0,0,1449,91
60139,0,0,1748,4,850,134,0,0,2597,138
60140,0,0,600,2,1158,168,0,0,1758,170
60141,0,0,0,0,8,1,0,0,8,1
60142,2000,1,1873,1,1250,189,5900,3,11023,194
60143,0,0,1353,3,269,37,0,0,1622,40
60144,0,0,0,0,0,0,0,0,0,0
60145,0,0,34,1,233,24,0,0,267,25
60146,0,0,640,3,273,37,0,0,913,40
60148,0,0,1012,4,714,124,0,0,1727,128
60150,0,0,100,1,110,10,0,0,210,11
60151,2000,1,1280,8,353,44,2000,1,5633,54
60152,5950,3,200,1,497,64,2000,1,8647,69
60153,0,0,72,1,422,64,0,0,494,65
60154,0,0,0,0,383,65,0,0,383,65
60155,0,0,0,0,80,12,0,0,80,12
60156,0,0,1250,1,1061,161,0,0,2311,162
60157,0,0,0,0,104,11,0,0,104,11
60160,0,0,1953,2,290,52,0,0,2243,54
60162,0,0,0,0,108,20,0,0,108,20
60163,0,0,0,0,148,26,0,0,148,26
60164,0,0,700,1,333,57,0,0,1033,58
60165,0,0,0,0,55,9,0,0,55,9
60169,0,0,0,0,845,143,0,0,845,143
60171,0,0,110,1,79,15,0,0,189,16
60172,0,0,101,1,574,85,0,0,674,86
60173,0,0,480,1,90,14,0,0,570,15
60174,0,0,60,1,178,25,0,0,238,26
60175,0,0,0,0,433,53,0,0,433,53
60176,0,0,0,0,120,19,0,0,120,19
60177,0,0,900,1,518,81,0,0,1418,82
60178,0,0,600,2,775,103,0,0,1375,105
60180,0,0,221,2,38,6,0,0,259,8
60181,0,0,360,1,366,60,0,0,726,61
60183,0,0,0,0,8,1,0,0,8,1
60184,0,0,0,0,73,7,0,0,73,7
60185,0,0,1676,3,810,122,0,0,2485,125
60187,0,0,595,3,305,46,0,0,900,49
60188,0,0,240,1,1014,162,0,0,1254,163
60189,0,0,0,0,322,48,0,0,322,48
60190,0,0,0,0,203,31,0,0,203,31
60191,0,0,83,1,284,43,0,0,367,44
60192,0,0,0,0,583,89,0,0,583,89
60193,0,0,0,0,774,123,0,0,774,123
60194,0,0,267,1,414,68,0,0,681,69
60195,0,0,0,0,107,15,0,0,107,15
60201,0,0,497,2,528,92,0,0,1025,94
60202,0,0,492,2,449,81,0,0,941,83
60203,0,0,0,0,128,21,0,0,128,21
60208,0,0,0,0,0,0,0,0,0,0
60301,0,0,0,0,0,0,0,0,0,0
60302,0,0,200,1,620,106,0,0,820,107
60304,0,0,0,0,612,111,0,0,612,111
60305,0,0,67,1,195,27,0,0,262,28
60401,3950,2,0,0,142,19,0,0,4092,21
60402,0,0,141,2,993,182,0,0,1133,184
60403,0,0,0,0,358,56,0,0,358,56
60404,0,0,540,1,929,129,0,0,1469,130
60406,0,0,72,1,298,52,0,0,370,53
60407,0,0,0,0,12,2,0,0,12,2
60408,2000,1,0,0,101,14,0,0,2101,15
60409,0,0,1980,1,411,66,0,0,2391,67
60410,0,0,0,0,508,70,0,0,508,70
60411,6450,4,0,0,753,123,0,0,7203,127
60415,0,0,129,2,176,28,0,0,305,30
60416,0,0,0,0,109,13,0,0,109,13
60417,2000,1,750,2,259,34,2000,1,5009,38
60418,0,0,0,0,14,3,0,0,14,3
60419,0,0,0,0,301,57,0,0,301,57
60420,0,0,38,1,45,5,0,0,83,6
60421,0,0,0,0,84,12,0,0,84,12
60422,0,0,0,0,390,51,0,0,390,51
60423,0,0,2275,3,683,86,2000,1,4958,90
60424,2000,1,0,0,43,5,0,0,2043,6
60425,0,0,0,0,165,27,0,0,165,27
60426,0,0,0,0,222,37,0,0,222,37
60428,0,0,0,0,95,15,0,0,95,15
60429,0,0,400,1,258,41,0,0,658,42
60430,0,0,0,0,332,49,0,0,332,49
60431,0,0,1221,2,1231,179,0,0,2452,181
60432,0,0,0,0,159,25,0,0,159,25
60433,2000,1,0,0,269,30,4000,2,6269,33
60435,0,0,0,0,967,144,0,0,967,144
60436,0,0,0,0,160,26,0,0,160,26
60437,0,0,0,0,0,0,0,0,0,0
60438,0,0,0,0,204,35,0,0,204,35
60439,0,0,0,0,450,58,0,0,450,58
60440,0,0,267,2,1974,304,0,0,2240,306
60441,0,0,850,1,717,110,0,0,1567,111
60442,0,0,0,0,274,36,0,0,274,36
60443,0,0,1020,3,655,92,0,0,1675,95
60444,0,0,0,0,79,9,0,0,79,9
60445,0,0,474,3,482,76,0,0,956,79
60446,0,0,3159,3,2609,405,1900,1,7668,409
60447,0,0,180,1,732,97,0,0,912,98
60448,0,0,0,0,339,41,0,0,339,41
60449,0,0,0,0,173,20,0,0,173,20
60450,2000,1,987,3,240,26,0,0,3227,30
60451,0,0,880,2,505,67,0,0,1385,69
60452,0,0,0,0,815,122,0,0,815,122
60453,0,0,0,0,823,128,0,0,823,128
60455,0,0,199,2,172,27,0,0,371,29
60456,0,0,0,0,20,5,0,0,20,5
60457,0,0,0,0,216,29,0,0,216,29
60458,0,0,0,0,63,14,0,0,63,14
60459,0,0,0,0,291,50,0,0,291,50
60460,0,0,0,0,55,7,0,0,55,7
60461,0,0,0,0,44,6,0,0,44,6
60462,0,0,420,1,522,66,0,0,942,67
60463,0,0,0,0,184,22,0,0,184,22
60464,0,0,0,0,88,11,0,0,88,11
60465,0,0,0,0,230,32,0,0,230,32
60466,0,0,1625,1,215,35,1600,1,3440,37
60467,0,0,0,0,555,69,0,0,555,69
60468,0,0,0,0,150,15,0,0,150,15
60469,0,0,0,0,103,18,0,0,103,18
60470,0,0,0,0,7,1,0,0,7,1
60471,0,0,0,0,265,43,0,0,265,43
60472,0,0,0,0,23,4,0,0,23,4
60473,0,0,32,1,272,45,0,0,304,46
60474,0,0,0,0,29,2,0,0,29,2
60475,0,0,0,0,71,10,0,0,71,10
60476,0,0,0,0,22,5,0,0,22,5
60477,0,0,169,2,526,78,0,0,695,80
60478,0,0,95,2,859,116,0,0,954,118
60479,0,0,0,0,23,3,0,0,23,3
60480,0,0,0,0,72,9,0,0,72,9
60481,0,0,0,0,156,18,0,0,156,18
60482,0,0,0,0,147,23,0,0,147,23
60484,0,0,0,0,110,15,0,0,110,15
60487,0,0,458,2,492,67,0,0,950,69
60490,0,0,0,0,1741,239,0,0,1741,239
60491,0,0,0,0,350,39,0,0,350,39
60501,0,0,0,0,139,19,0,0,139,19
60502,0,0,634,3,490,75,0,0,1124,78
60503,0,0,0,0,712,108,0,0,712,108
60504,0,0,0,0,832,135,0,0,832,135
60505,0,0,58,1,1479,256,0,0,1537,257
60506,0,0,1760,7,1315,207,0,0,3075,214
60510,0,0,65,2,194,27,0,0,259,29
60511,0,0,0,0,64,7,0,0,64,7
60512,0,0,0,0,91,9,0,0,91,9
60513,0,0,173,1,362,63,0,0,535,64
60514,0,0,0,0,131,16,0,0,131,16
60515,0,0,397,3,354,50,0,0,752,53
60516,0,0,86,1,545,75,0,0,631,76
60517,0,0,0,0,796,119,0,0,796,119
60518,0,0,1029,4,150,16,0,0,1180,20
60519,0,0,0,0,0,0,0,0,0,0
60520,0,0,0,0,106,10,0,0,106,10
60521,0,0,0,0,222,32,0,0,222,32
60523,0,0,0,0,109,13,0,0,109,13
60525,0,0,1865,4,331,54,0,0,2195,58
60526,0,0,439,2,238,37,0,0,677,39
60527,0,0,700,2,448,54,0,0,1148,56
60530,2000,1,0,0,51,6,2000,1,4051,8
60531,0,0,0,0,99,12,0,0,99,12
60532,0,0,47,1,491,69,0,0,538,70
60534,0,0,100,1,127,22,0,0,227,23
60536,0,0,0,0,0,0,0,0,0,0
60537,0,0,0,0,0,0,0,0,0,0
60538,0,0,120,1,1427,213,0,0,1547,214
60539,0,0,2000,1,0,0,2000,1,4000,2
60540,0,0,501,5,439,59,0,0,940,64
60541,0,0,0,0,109,10,0,0,109,10
60542,0,0,0,0,377,55,0,0,377,55
60543,0,0,1975,1,1443,194,0,0,3418,195
60544,0,0,172,2,1125,160,0,0,1297,162
60545,0,0,852,1,737,104,0,0,1589,105
60546,0,0,0,0,404,65,0,0,404,65
60548,4000,2,0,0,102,14,4000,2,8102,18
60549,0,0,0,0,0,0,0,0,0,0
60550,0,0,125,3,97,9,0,0,222,12
60551,0,0,0,0,0,0,0,0,0,0
60552,1950,1,500,1,34,4,2000,1,4484,7
60553,0,0,0,0,59,7,0,0,59,7
60554,0,0,613,3,246,31,0,0,860,34
60555,0,0,722,3,315,43,0,0,1037,46
60556,0,0,303,4,91,10,0,0,394,14
60557,0,0,0,0,0,0,0,0,0,0
60558,0,0,0,0,198,25,0,0,198,25
60559,0,0,0,0,252,39,0,0,252,39
60560,0,0,2000,1,977,128,0,0,2977,129
60561,0,0,1888,6,418,64,0,0,2307,70
60563,0,0,243,3,1089,141,0,0,1332,144
60564,0,0,52,1,1197,166,0,0,1249,167
60565,0,0,0,0,563,77,0,0,563,77
60585,0,0,0,0,1023,137,0,0,1023,137
60586,0,0,0,0,1812,261,0,0,1812,261
60601,0,0,0,0,0,0,0,0,0,0
60602,0,0,0,0,0,0,0,0,0,0
60603,0,0,0,0,0,0,0,0,0,0
60604,0,0,0,0,0,0,0,0,0,0
60605,0,0,0,0,30,4,0,0,30,4
60606,0,0,0,0,0,0,0,0,0,0
60607,0,0,221,2,22,3,0,0,243,5
60608,0,0,2613,5,287,46,1400,1,4300,52
60609,0,0,1225,2,176,30,0,0,1401,32
60610,0,0,0,0,20,3,0,0,20,3
60611,0,0,0,0,3,1,0,0,3,1
60612,0,0,400,3,65,8,0,0,465,11
60613,0,0,33,1,84,13,0,0,117,14
60614,0,0,327,5,113,16,0,0,439,21
60615,0,0,0,0,91,17,0,0,91,17
60616,0,0,1100,1,86,17,0,0,1186,18
60617,0,0,0,0,542,93,0,0,542,93
60618,0,0,50,1,471,78,0,0,521,79
60619,0,0,341,3,511,94,0,0,853,97
60620,0,0,0,0,574,103,0,0,574,103
60621,0,0,0,0,56,10,0,0,56,10
60622,0,0,92,1,266,38,0,0,358,39
60623,0,0,191,2,165,31,0,0,356,33
60624,0,0,0,0,81,14,0,0,81,14
60625,0,0,0,0,462,76,0,0,462,76
60626,0,0,0,0,137,23,0,0,137,23
60628,0,0,500,1,614,112,0,0,1114,113
60629,0,0,0,0,1352,233,0,0,1352,233
60630,0,0,33,1,644,111,0,0,677,112
60631,0,0,120,1,402,65,0,0,522,66
60632,0,0,1105,3,726,129,1000,1,2831,133
60633,0,0,0,0,118,19,0,0,118,19
60634,0,0,0,0,882,147,0,0,882,147
60636,0,0,0,0,60,12,0,0,60,12
60637,0,0,0,0,240,38,0,0,240,38
60638,0,0,2365,4,613,107,0,0,2978,111
60639,0,0,135,2,558,94,0,0,693,96
60640,0,0,43,1,198,29,0,0,241,30
60641,0,0,211,2,615,102,0,0,825,104
60642,0,0,0,0,16,2,0,0,16,2
60643,0,0,75,1,873,148,9000,1,9948,150
60644,0,0,125,2,63,14,0,0,188,16
60645,0,0,0,0,277,41,0,0,277,41
60646,0,0,0,0,282,48,0,0,282,48
60647,0,0,110,1,343,56,0,0,453,57
60649,0,0,0,0,186,28,0,0,186,28
60651,0,0,60,1,195,35,0,0,255,36
60652,0,0,0,0,874,144,0,0,874,144
60653,0,0,165,1,91,15,0,0,256,16
60654,0,0,0,0,0,0,0,0,0,0
60655,0,0,0,0,288,53,0,0,288,53
60656,0,0,0,0,259,45,0,0,259,45
60657,0,0,0,0,161,24,0,0,161,24
60659,0,0,85,1,152,31,0,0,237,32
60660,0,0,101,1,67,11,0,0,168,12
60661,0,0,0,0,0,0,0,0,0,0
60706,0,0,200,1,225,37,0,0,425,38
60707,0,0,467,1,377,66,0,0,844,67
60712,0,0,248,2,323,44,0,0,570,46
60714,0,0,0,0,352,63,0,0,352,63
60803,0,0,1000,1,640,104,0,0,1640,105
60804,0,0,319,2,987,169,0,0,1305,171
60805,0,0,0,0,221,38,0,0,221,38
60827,0,0,0,0,158,29,0,0,158,29
60901,9500,5,1355,3,130,19,6000,3,16985,30
60910,0,0,0,0,14,2,0,0,14,2
60911,0,0,0,0,10,1,0,0,10,1
60912,0,0,0,0,0,0,0,0,0,0
60913,0,0,0,0,20,2,0,0,20,2
60914,2000,1,1783,3,226,27,2000,1,6009,32
60915,0,0,0,0,33,4,0,0,33,4
60917,0,0,0,0,20,2,0,0,20,2
60918,0,0,0,0,60,6,0,0,60,6
60919,0,0,0,0,28,4,0,0,28,4
60920,0,0,0,0,0,0,0,0,0,0
60921,0,0,0,0,52,6,0,0,52,6
60922,0,0,0,0,15,2,0,0,15,2
60924,0,0,0,0,22,3,0,0,22,3
60926,0,0,0,0,0,0,0,0,0,0
60927,0,0,0,0,36,3,0,0,36,3
60928,0,0,0,0,0,0,0,0,0,0
60929,0,0,0,0,44,4,0,0,44,4
60930,0,0,0,0,0,0,0,0,0,0
60931,0,0,0,0,0,0,0,0,0,0
60932,0,0,0,0,0,0,0,0,0,0
60933,0,0,0,0,15,1,0,0,15,1
60934,0,0,0,0,13,2,0,0,13,2
60935,0,0,0,0,20,2,0,0,20,2
60936,0,0,36,1,121,11,0,0,157,12
60938,0,0,0,0,34,3,0,0,34,3
60939,0,0,0,0,0,0,0,0,0,0
60940,2000,1,0,0,46,5,2000,1,4046,7
60941,0,0,0,0,10,1,0,0,10,1
60942,0,0,0,0,52,7,0,0,52,7
60945,0,0,0,0,0,0,0,0,0,0
60946,0,0,0,0,6,1,0,0,6,1
60948,0,0,92,1,94,12,0,0,186,13
60949,0,0,0,0,36,5,0,0,36,5
60950,0,0,0,0,167,22,0,0,167,22
60951,0,0,0,0,0,0,0,0,0,0
60952,0,0,0,0,47,6,0,0,47,6
60953,0,0,75,1,15,2,0,0,90,3
60954,0,0,0,0,7,1,0,0,7,1
60955,0,0,0,0,66,8,0,0,66,8
60956,0,0,0,0,0,0,0,0,0,0
60957,0,0,186,3,223,26,0,0,409,29
60958,0,0,0,0,0,0,0,0,0,0
60959,0,0,0,0,37,4,0,0,37,4
60960,0,0,0,0,40,3,0,0,40,3
60961,0,0,0,0,0,0,0,0,0,0
60962,0,0,0,0,0,0,0,0,0,0
60963,0,0,150,1,40,5,0,0,190,6
60964,2000,1,0,0,77,9,2000,1,4077,11
60966,0,0,0,0,39,4,0,0,39,4
60967,0,0,0,0,0,0,0,0,0,0
60968,0,0,0,0,43,5,0,0,43,5
60969,0,0,0,0,0,0,0,0,0,0
60970,2000,1,533,1,66,6,2000,1,4599,9
60973,0,0,0,0,0,0,0,0,0,0
60974,0,0,0,0,0,0,0,0,0,0
61001,1162,1,0,0,219,25,1200,1,2581,27
61006,0,0,0,0,142,14,0,0,142,14
61007,0,0,0,0,84,7,0,0,84,7
61008,1980,1,143,3,1982,273,0,0,4105,277
61010,0,0,0,0,514,65,0,0,514,65
61011,0,0,0,0,250,31,0,0,250,31
61012,0,0,0,0,141,20,0,0,141,20
61013,0,0,0,0,87,14,0,0,87,14
61014,0,0,0,0,136,13,0,0,136,13
61015,0,0,38,1,27,4,0,0,65,5
61016,2000,1,237,1,307,40,2000,1,4544,43
61018,0,0,0,0,181,22,0,0,181,22
61019,0,0,0,0,236,27,0,0,236,27
61020,0,0,0,0,229,30,0,0,229,30
61021,0,0,2819,7,413,48,0,0,3232,55
61024,0,0,0,0,274,34,0,0,274,34
61025,0,0,349,1,357,42,0,0,705,43
61027,0,0,0,0,0,0,0,0,0,0
61028,0,0,0,0,608,69,0,0,608,69
61030,0,0,0,0,176,22,0,0,176,22
61031,0,0,0,0,55,6,0,0,55,6
61032,4000,2,1650,8,1895,247,2000,1,9545,258
61036,0,0,185,3,845,100,0,0,1030,103
61037,0,0,0,0,8,1,0,0,8,1
61038,0,0,400,1,130,13,0,0,530,14
61039,0,0,0,0,53,6,0,0,53,6
61041,0,0,0,0,133,14,0,0,133,14
61042,0,0,114,2,23,2,0,0,137,4
61043,0,0,0,0,12,2,0,0,12,2
61044,2000,1,0,0,34,4,2000,1,4034,6
61046,0,0,222,5,448,47,0,0,671,52
61047,0,0,0,0,227,25,0,0,227,25
61048,9980,5,680,3,480,56,4000,2,15140,66
61049,0,0,0,0,56,7,0,0,56,7
61050,0,0,0,0,41,5,0,0,41,5
61051,0,0,98,1,116,13,0,0,214,14
61052,0,0,0,0,75,10,0,0,75,10
61053,0,0,0,0,230,23,0,0,230,23
61054,2000,1,0,0,182,22,2000,1,4182,24
61057,0,0,0,0,0,0,0,0,0,0
61059,0,0,0,0,32,4,0,0,32,4
61060,2000,1,0,0,113,15,0,0,2113,16
61061,2000,1,0,0,234,29,0,0,2234,30
61062,0,0,135,3,415,46,0,0,550,49
61063,0,0,0,0,643,68,0,0,643,68
61064,2000,1,157,3,794,95,0,0,2950,99
61065,2000,1,0,0,780,97,2000,1,4780,99
61067,0,0,0,0,154,18,0,0,154,18
61068,0,0,513,4,133,13,0,0,646,17
61070,0,0,0,0,120,13,0,0,120,13
61071,2000,1,1187,4,300,29,1000,1,4487,35
61072,0,0,45,1,265,30,0,0,310,31
61073,0,0,40,1,1050,138,0,0,1090,139
61074,0,0,0,0,119,14,0,0,119,14
61075,0,0,40,1,171,17,0,0,211,18
61077,0,0,0,0,4,1,0,0,4,1
61078,0,0,150,2,148,16,0,0,298,18
61079,0,0,0,0,19,2,0,0,19,2
61080,0,0,450,1,98,13,0,0,548,14
61081,0,0,3995,10,300,38,2000,1,6295,49
61084,0,0,0,0,217,24,0,0,217,24
61085,1850,1,1938,3,546,67,3800,1,8133,72
61087,0,0,0,0,126,16,0,0,126,16
61088,0,0,240,1,461,60,0,0,701,61
61089,0,0,0,0,91,9,0,0,91,9
61091,0,0,0,0,7,1,0,0,7,1
61101,2000,1,100,1,482,71,0,0,2582,73
61102,0,0,220,4,772,99,0,0,992,103
61103,0,0,600,1,508,70,0,0,1108,71
61104,0,0,771,4,117,21,0,0,888,25
61107,0,0,882,3,797,111,0,0,1679,114
61108,0,0,0,0,636,101,0,0,636,101
61109,6860,4,2043,4,983,147,2600,1,12486,156
61111,0,0,380,2,716,103,0,0,1096,105
61112,0,0,0,0,0,0,0,0,0,0
61114,0,0,0,0,748,103,0,0,748,103
61115,0,0,610,3,1203,179,0,0,1813,182
61201,0,0,1538,4,153,26,0,0,1692,30
61230,0,0,0,0,39,4,0,0,39,4
61231,0,0,961,11,165,11,0,0,1126,22
61232,0,0,0,0,20,3,0,0,20,3
61233,0,0,0,0,0,0,0,0,0,0
61234,0,0,30,1,206,22,0,0,236,23
61235,0,0,0,0,47,5,0,0,47,5
61236,0,0,0,0,0,0,0,0,0,0
61237,0,0,0,0,20,1,0,0,20,1
61238,0,0,328,4,168,16,0,0,497,20
61239,0,0,0,0,0,0,0,0,0,0
61240,0,0,0,0,93,12,0,0,93,12
61241,0,0,307,2,45,7,0,0,352,9
61242,0,0,0,0,0,0,0,0,0,0
61243,0,0,0,0,33,3,0,0,33,3
61244,0,0,250,2,74,10,0,0,324,12
61250,0,0,360,3,79,8,0,0,439,11
61251,0,0,0,0,34,4,0,0,34,4
61252,2000,1,129,3,102,12,2000,1,4231,17
61254,0,0,282,3,507,56,0,0,789,59
61256,0,0,0,0,5,1,0,0,5,1
61257,0,0,0,0,81,6,0,0,81,6
61258,0,0,46,1,0,0,0,0,46,1
61259,0,0,80,2,130,14,0,0,210,16
61260,0,0,277,2,38,6,0,0,316,8
61261,6000,3,218,2,38,4,0,0,6256,9
61262,0,0,150,2,65,7,0,0,215,9
61263,0,0,0,0,0,0,0,0,0,0
61264,0,0,858,3,169,18,0,0,1028,21
61265,0,0,1415,3,153,16,0,0,1568,19
61270,4000,2,190,5,265,25,0,0,4455,32
61272,0,0,46,1,28,3,0,0,73,4
61273,0,0,85,2,117,12,0,0,202,14
61274,0,0,68,1,12,1,0,0,81,2
61275,0,0,0,0,193,19,0,0,193,19
61276,0,0,0,0,6,1,0,0,6,1
61277,0,0,433,1,223,23,0,0,656,24
61278,0,0,0,0,0,0,0,0,0,0
61279,0,0,66,1,68,6,0,0,134,7
61281,0,0,0,0,135,12,0,0,135,12
61282,0,0,125,1,29,4,0,0,154,5
61283,0,0,120,2,6,1,0,0,126,3
61284,0,0,170,2,114,10,0,0,284,12
61285,0,0,0,0,55,5,0,0,55,5
61301,0,0,0,0,41,6,0,0,41,6
61310,0,0,0,0,90,11,0,0,90,11
61311,0,0,0,0,0,0,0,0,0,0
61312,0,0,0,0,0,0,0,0,0,0
61313,0,0,0,0,0,0,0,0,0,0
61314,0,0,0,0,89,10,0,0,89,10
61315,0,0,0,0,0,0,0,0,0,0
61316,0,0,0,0,11,1,0,0,11,1
61317,0,0,0,0,0,0,0,0,0,0
61318,0,0,0,0,30,3,0,0,30,3
61319,0,0,0,0,12,2,0,0,12,2
61320,0,0,0,0,0,0,0,0,0,0
61321,0,0,0,0,0,0,0,0,0,0
61322,0,0,0,0,10,1,0,0,10,1
61323,0,0,0,0,0,0,0,0,0,0
61324,0,0,0,0,14,2,0,0,14,2
61325,0,0,0,0,0,0,0,0,0,0
61326,1992,1,0,0,18,2,0,0,2010,3
61327,0,0,0,0,0,0,0,0,0,0
61328,0,0,0,0,0,0,0,0,0,0
61329,0,0,0,0,0,0,0,0,0,0
61330,0,0,0,0,26,3,0,0,26,3
61331,0,0,0,0,0,0,0,0,0,0
61332,0,0,0,0,0,0,0,0,0,0
61333,0,0,0,0,0,0,0,0,0,0
61334,0,0,0,0,4,1,0,0,4,1
61335,0,0,0,0,0,0,0,0,0,0
61336,0,0,0,0,0,0,0,0,0,0
61337,0,0,0,0,6,1,0,0,6,1
61338,0,0,0,0,32,2,0,0,32,2
61340,0,0,0,0,0,0,0,0,0,0
61341,0,0,0,0,90,9,0,0,90,9
61342,4000,2,0,0,35,4,2000,1,6035,7
61344,0,0,0,0,8,1,0,0,8,1
61345,0,0,145,2,177,17,0,0,322,19
61346,0,0,0,0,0,0,0,0,0,0
61348,0,0,0,0,37,6,0,0,37,6
61349,0,0,0,0,31,3,0,0,31,3
61350,0,0,0,0,37,5,0,0,37,5
61353,1950,1,0,0,75,7,0,0,2025,8
61354,0,0,0,0,51,5,0,0,51,5
61356,0,0,0,0,134,18,0,0,134,18
61358,0,0,0,0,0,0,0,0,0,0
61359,0,0,0,0,0,0,0,0,0,0
61360,0,0,475,1,13,2,0,0,488,3
61361,0,0,46,1,96,8,0,0,142,9
61362,0,0,2000,1,57,7,0,0,2057,8
61363,0,0,0,0,0,0,0,0,0,0
61364,2000,1,0,0,172,21,0,0,2172,22
61367,0,0,38,1,10,1,0,0,48,2
61368,0,0,0,0,87,8,0,0,87,8
61369,0,0,0,0,24,3,0,0,24,3
61370,0,0,0,0,0,0,0,0,0,0
61371,0,0,0,0,0,0,0,0,0,0
61372,0,0,0,0,0,0,0,0,0,0
61373,0,0,0,0,20,2,0,0,20,2
61374,0,0,0,0,8,1,0,0,8,1
61375,0,0,0,0,10,1,0,0,10,1
61376,0,0,34,1,132,12,0,0,166,13
61377,0,0,0,0,10,1,0,0,10,1
61378,0,0,0,0,44,4,0,0,44,4
61379,0,0,0,0,15,2,0,0,15,2
61401,750,1,3475,13,287,33,0,0,4512,47
61402,0,0,0,0,0,0,0,0,0,0
61410,0,0,832,4,67,6,0,0,900,10
61411,0,0,54,1,9,1,0,0,63,2
61412,0,0,409,6,131,10,0,0,540,16
61413,0,0,620,2,43,4,0,0,663,6
61414,0,0,103,2,78,7,0,0,180,9
61415,0,0,0,0,38,3,0,0,38,3
61416,0,0,0,0,0,0,0,0,0,0
61417,0,0,0,0,8,1,0,0,8,1
61418,0,0,273,2,16,2,0,0,289,4
61419,0,0,0,0,0,0,0,0,0,0
61420,4000,2,0,0,24,4,4000,1,8024,7
61421,0,0,187,2,131,11,0,0,318,13
61422,0,0,0,0,10,1,0,0,10,1
61423,0,0,40,1,47,5,0,0,87,6
61424,0,0,0,0,10,1,0,0,10,1
61425,0,0,0,0,16,2,0,0,16,2
61426,0,0,0,0,0,0,0,0,0,0
61427,0,0,134,2,73,9,0,0,206,11
61428,0,0,0,0,53,4,0,0,53,4
61430,0,0,0,0,30,4,0,0,30,4
61431,0,0,0,0,15,2,0,0,15,2
61432,0,0,0,0,64,5,0,0,64,5
61433,0,0,60,1,10,1,0,0,70,2
61434,0,0,659,7,316,30,0,0,975,37
61435,0,0,0,0,25,2,0,0,25,2
61436,0,0,234,4,41,5,0,0,276,9
61437,0,0,0,0,41,3,0,0,41,3
61438,0,0,0,0,45,6,0,0,45,6
61439,0,0,0,0,0,0,0,0,0,0
61440,0,0,0,0,0,0,0,0,0,0
61441,0,0,0,0,40,4,0,0,40,4
61442,0,0,0,0,0,0,0,0,0,0
61443,0,0,2413,15,847,70,0,0,3261,85
61447,0,0,165,3,55,4,0,0,220,7
61448,0,0,360,2,122,14,0,0,482,16
61449,0,0,0,0,41,2,0,0,41,2
61450,0,0,0,0,38,4,0,0,38,4
61451,0,0,0,0,30,3,0,0,30,3
61452,0,0,0,0,8,1,0,0,8,1
61453,0,0,278,6,50,2,0,0,328,8
61454,0,0,0,0,0,0,0,0,0,0
61455,2000,1,616,2,132,18,2000,1,4749,22
61458,0,0,40,1,53,4,0,0,93,5
61459,0,0,0,0,27,4,0,0,27,4
61460,0,0,40,1,69,6,0,0,109,7
61462,0,0,250,1,162,18,0,0,412,19
61465,0,0,0,0,87,7,0,0,87,7
61466,0,0,0,0,25,2,0,0,25,2
61467,0,0,562,3,109,10,0,0,671,13
61468,0,0,0,0,0,0,0,0,0,0
61469,0,0,1442,3,38,4,1400,1,2880,8
61470,0,0,148,1,41,4,0,0,188,5
61471,0,0,0,0,8,1,0,0,8,1
61472,0,0,63,1,16,2,0,0,79,3
61473,0,0,0,0,72,9,0,0,72,9
61474,0,0,0,0,0,0,0,0,0,0
61475,0,0,0,0,15,2,0,0,15,2
61476,0,0,118,3,45,3,0,0,164,6
61477,0,0,0,0,36,4,0,0,36,4
61478,0,0,85,2,0,0,0,0,85,2
61479,0,0,0,0,28,3,0,0,28,3
61480,0,0,0,0,36,3,0,0,36,3
61482,0,0,396,1,21,3,0,0,417,4
61483,0,0,100,2,212,18,0,0,312,20
61484,0,0,0,0,0,0,0,0,0,0
61485,0,0,0,0,30,3,0,0,30,3
61486,0,0,106,3,130,10,0,0,236,13
61488,0,0,30,1,0,0,0,0,30,1
61489,0,0,296,2,65,6,0,0,361,8
61490,0,0,120,1,108,7,0,0,228,8
61491,0,0,168,3,107,7,0,0,276,10
61501,0,0,0,0,34,4,0,0,34,4
61516,0,0,0,0,25,3,0,0,25,3
61517,0,0,40,1,229,23,0,0,269,24
61519,0,0,0,0,8,1,0,0,8,1
61520,0,0,448,5,303,36,0,0,751,41
61523,0,0,100,1,452,54,0,0,552,55
61524,0,0,0,0,10,1,0,0,10,1
61525,0,0,0,0,471,66,0,0,471,66
61526,2000,1,35,1,102,11,0,0,2137,13
61528,0,0,0,0,172,20,0,0,172,20
61529,0,0,0,0,66,7,0,0,66,7
61530,0,0,133,1,333,31,0,0,466,32
61531,2000,1,813,2,138,17,2000,1,4951,21
61532,0,0,0,0,8,1,0,0,8,1
61533,0,0,0,0,114,12,0,0,114,12
61534,0,0,66,1,63,7,0,0,129,8
61535,0,0,0,0,0,0,0,0,0,0
61536,0,0,0,0,168,18,0,0,168,18
61537,0,0,0,0,38,4,0,0,38,4
61539,0,0,0,0,8,1,0,0,8,1
61540,2000,1,0,0,83,9,2000,1,4083,11
61541,0,0,0,0,0,0,0,0,0,0
61542,0,0,0,0,49,6,0,0,49,6
61543,0,0,0,0,0,0,0,0,0,0
61544,0,0,328,1,48,6,0,0,376,7
61545,0,0,0,0,10,1,0,0,10,1
61546,0,0,550,2,93,11,0,0,643,13
61547,0,0,0,0,85,9,0,0,85,9
61548,0,0,720,3,342,39,0,0,1062,42
61550,0,0,50,1,327,35,0,0,377,36
61552,0,0,0,0,0,0,0,0,0,0
61553,0,0,0,0,0,0,0,0,0,0
61554,0,0,925,2,435,49,0,0,1360,51
61559,0,0,31,1,252,22,0,0,282,23
61560,0,0,0,0,26,3,0,0,26,3
61561,0,0,0,0,220,19,0,0,220,19
61562,0,0,0,0,0,0,0,0,0,0
61563,0,0,0,0,0,0,0,0,0,0
61564,0,0,0,0,10,1,0,0,10,1
61565,0,0,0,0,59,5,0,0,59,5
61567,0,0,0,0,0,0,0,0,0,0
61568,0,0,0,0,762,66,0,0,762,66
61569,0,0,0,0,43,5,0,0,43,5
61570,0,0,0,0,65,7,0,0,65,7
61571,0,0,0,0,537,63,0,0,537,63
61572,0,0,0,0,68,5,0,0,68,5
61602,0,0,50,1,23,1,0,0,73,2
61603,0,0,530,2,41,4,0,0,571,6
61604,0,0,273,3,142,16,0,0,415,19
61605,0,0,250,2,55,7,0,0,305,9
61606,0,0,105,2,45,5,0,0,151,7
61607,0,0,121,3,176,20,0,0,296,23
61610,0,0,0,0,10,2,0,0,10,2
61611,0,0,120,2,529,68,0,0,649,70
61614,0,0,2690,5,197,28,0,0,2887,33
61615,0,0,2419,4,334,45,0,0,2752,49
61616,0,0,450,1,34,4,0,0,484,5
61625,0,0,0,0,0,0,0,0,0,0
61701,0,0,67,1,183,23,0,0,250,24
61704,0,0,72,2,469,64,0,0,541,66
61705,0,0,810,2,276,35,0,0,1086,37
61720,0,0,0,0,0,0,0,0,0,0
61721,0,0,0,0,0,0,0,0,0,0
61722,0,0,0,0,10,1,0,0,10,1
61723,0,0,0,0,83,10,0,0,83,10
61724,0,0,0,0,0,0,0,0,0,0
61725,0,0,0,0,123,11,0,0,123,11
61726,0,0,0,0,105,11,0,0,105,11
61727,0,0,934,4,88,11,0,0,1023,15
61728,0,0,0,0,25,3,0,0,25,3
61729,0,0,0,0,161,17,0,0,161,17
61730,0,0,0,0,18,2,0,0,18,2
61731,0,0,0,0,0,0,0,0,0,0
61732,0,0,0,0,63,7,0,0,63,7
61733,0,0,190,2,51,5,0,0,241,7
61734,0,0,375,1,28,3,0,0,403,4
61735,0,0,0,0,5,1,0,0,5,1
61736,2000,1,0,0,40,5,0,0,2040,6
61737,0,0,52,1,49,6,0,0,101,7
61738,0,0,305,1,105,10,0,0,410,11
61739,0,0,0,0,404,43,0,0,404,43
61740,0,0,30,1,28,3,0,0,58,4
61741,0,0,187,3,199,21,0,0,386,24
61742,0,0,630,5,110,9,0,0,740,14
61743,0,0,0,0,0,0,0,0,0,0
61744,0,0,34,1,133,14,0,0,168,15
61745,0,0,0,0,111,13,0,0,111,13
61747,0,0,0,0,62,7,0,0,62,7
61748,0,0,0,0,57,7,0,0,57,7
61749,0,0,0,0,34,3,0,0,34,3
61750,0,0,0,0,0,0,0,0,0,0
61751,0,0,0,0,0,0,0,0,0,0
61752,0,0,0,0,62,6,0,0,62,6
61753,0,0,0,0,92,9,0,0,92,9
61754,0,0,233,2,30,4,0,0,263,6
61755,0,0,0,0,214,21,0,0,214,21
61756,0,0,0,0,57,5,0,0,57,5
61758,0,0,0,0,0,0,0,0,0,0
61759,0,0,0,0,35,4,0,0,35,4
61760,0,0,42,1,67,8,0,0,109,9
61761,0,0,762,5,417,56,0,0,1179,61
61764,1980,1,300,1,257,25,2000,1,4537,28
61769,0,0,0,0,28,4,0,0,28,4
61770,0,0,0,0,44,5,0,0,44,5
61771,0,0,58,1,29,3,0,0,87,4
61772,0,0,0,0,0,0,0,0,0,0
61773,0,0,0,0,55,6,0,0,55,6
61774,0,0,0,0,5,1,0,0,5,1
61775,0,0,30,1,8,1,0,0,38,2
61776,0,0,0,0,24,3,0,0,24,3
61777,0,0,0,0,0,0,0,0,0,0
61778,0,0,0,0,8,1,0,0,8,1
61801,0,0,196,3,411,53,0,0,607,56
61802,3700,2,50,1,435,53,0,0,4185,56
61810,0,0,0,0,66,5,0,0,66,5
61811,0,0,0,0,10,1,0,0,10,1
61812,0,0,0,0,12,2,0,0,12,2
61813,0,0,0,0,16,2,0,0,16,2
61814,0,0,0,0,19,2,0,0,19,2
61815,0,0,0,0,0,0,0,0,0,0
61816,0,0,0,0,141,16,0,0,141,16
61817,0,0,0,0,59,6,0,0,59,6
61818,0,0,65,2,64,4,0,0,128,6
61820,0,0,960,1,386,27,4700,1,6046,29
61821,33,1,1841,2,500,59,0,0,2374,62
61822,0,0,2552,4,729,97,0,0,3281,101
61830,0,0,0,0,26,3,0,0,26,3
61831,0,0,0,0,10,1,0,0,10,1
61832,2000,1,1936,3,72,11,0,0,4009,15
61833,0,0,0,0,11,1,0,0,11,1
61834,2500,2,3039,3,105,11,2000,1,7644,17
61839,0,0,0,0,58,4,0,0,58,4
61840,0,0,60,1,26,3,0,0,86,4
61841,0,0,0,0,57,6,0,0,57,6
61842,0,0,0,0,61,6,0,0,61,6
61843,0,0,0,0,86,10,0,0,86,10
61844,0,0,134,1,49,4,0,0,183,5
61845,0,0,0,0,76,9,0,0,76,9
61846,0,0,290,1,40,3,0,0,330,4
61847,0,0,0,0,19,2,0,0,19,2
61848,0,0,0,0,0,0,0,0,0,0
61849,0,0,0,0,129,13,0,0,129,13
61850,0,0,0,0,54,4,0,0,54,4
61851,0,0,0,0,4,1,0,0,4,1
61852,0,0,0,0,76,10,0,0,76,10
61853,0,0,0,0,492,54,0,0,492,54
61854,0,0,0,0,38,4,0,0,38,4
61855,0,0,360,1,10,1,0,0,370,2
61856,0,0,99,1,238,26,0,0,337,27
61857,0,0,0,0,0,0,0,0,0,0
61858,0,0,0,0,56,7,0,0,56,7
61859,0,0,0,0,19,1,0,0,19,1
61862,0,0,0,0,33,4,0,0,33,4
61863,0,0,0,0,0,0,0,0,0,0
61864,0,0,360,1,39,4,0,0,399,5
61865,0,0,0,0,19,2,0,0,19,2
61866,0,0,40,1,92,11,2000,1,2132,13
61870,2000,1,0,0,45,5,0,0,2045,6
61871,0,0,0,0,0,0,0,0,0,0
61872,0,0,0,0,52,6,0,0,52,6
61873,0,0,752,3,165,18,0,0,916,21
61874,0,0,150,1,170,21,0,0,320,22
61875,0,0,145,2,44,5,0,0,189,7
61876,0,0,35,1,74,7,0,0,109,8
61877,2000,1,0,0,69,8,0,0,2069,9
61878,0,0,0,0,54,4,0,0,54,4
61880,0,0,300,1,106,12,0,0,406,13
61882,0,0,0,0,5,1,0,0,5,1
61883,0,0,0,0,10,1,0,0,10,1
61884,0,0,0,0,53,6,0,0,53,6
61910,0,0,5920,4,74,7,0,0,5994,11
61911,0,0,0,0,23,3,0,0,23,3
61912,0,0,0,0,10,1,0,0,10,1
61913,0,0,0,0,62,7,0,0,62,7
61914,0,0,0,0,17,2,0,0,17,2
61917,0,0,0,0,0,0,0,0,0,0
61919,0,0,60,1,14,2,0,0,74,3
61920,0,0,600,1,277,35,0,0,877,36
61924,0,0,0,0,170,16,2000,1,2170,17
61925,0,0,0,0,17,2,0,0,17,2
61928,0,0,0,0,0,0,0,0,0,0
61929,0,0,0,0,0,0,0,0,0,0
61930,0,0,0,0,45,5,0,0,45,5
61931,0,0,0,0,0,0,0,0,0,0
61932,0,0,0,0,0,0,0,0,0,0
61933,0,0,0,0,10,1,0,0,10,1
61936,0,0,0,0,6,1,0,0,6,1
61937,0,0,0,0,10,1,0,0,10,1
61938,0,0,1356,3,103,13,0,0,1459,16
61940,0,0,0,0,0,0,0,0,0,0
61941,0,0,0,0,0,0,0,0,0,0
61942,0,0,0,0,46,5,0,0,46,5
61943,0,0,0,0,24,3,0,0,24,3
61944,0,0,0,0,369,37,0,0,369,37
61949,0,0,0,0,10,1,0,0,10,1
61951,0,0,0,0,42,5,0,0,42,5
61953,0,0,575,3,462,46,0,0,1037,49
61955,0,0,0,0,0,0,0,0,0,0
61956,0,0,0,0,76,7,0,0,76,7
61957,0,0,0,0,18,2,0,0,18,2
62001,0,0,34,1,134,13,0,0,169,14
62002,0,0,386,2,272,32,0,0,658,34
62006,0,0,0,0,10,1,0,0,10,1
62009,0,0,0,0,55,7,0,0,55,7
62010,0,0,0,0,205,25,0,0,205,25
62011,0,0,0,0,18,2,0,0,18,2
62012,0,0,0,0,176,18,0,0,176,18
62013,0,0,0,0,0,0,0,0,0,0
62014,0,0,0,0,199,17,0,0,199,17
62015,0,0,0,0,100,10,0,0,100,10
62016,0,0,0,0,61,7,0,0,61,7
62017,0,0,0,0,106,13,0,0,106,13
62018,0,0,0,0,30,3,0,0,30,3
62019,0,0,0,0,54,6,0,0,54,6
62021,0,0,0,0,60,4,0,0,60,4
62022,0,0,0,0,52,6,0,0,52,6
62023,0,0,0,0,57,7,0,0,57,7
62024,0,0,395,3,68,8,0,0,463,11
62025,2000,1,749,5,767,89,2000,1,5516,96
62026,0,0,0,0,0,0,0,0,0,0
62027,0,0,234,3,19,2,0,0,253,5
62028,0,0,0,0,0,0,0,0,0,0
62030,0,0,0,0,0,0,0,0,0,0
62031,0,0,0,0,51,6,0,0,51,6
62032,0,0,0,0,59,6,0,0,59,6
62033,0,0,200,1,277,29,0,0,477,30
62034,0,0,0,0,194,24,0,0,194,24
62035,0,0,65,2,348,35,0,0,413,37
62036,0,0,0,0,0,0,0,0,0,0
62037,0,0,0,0,13,2,0,0,13,2
62040,2000,1,2150,9,465,56,0,0,4615,66
62044,0,0,0,0,140,16,0,0,140,16
62045,0,0,0,0,19,2,0,0,19,2
62046,0,0,396,1,83,9,0,0,479,10
62047,0,0,0,0,58,5,0,0,58,5
62048,0,0,0,0,24,3,0,0,24,3
62049,0,0,195,1,428,44,0,0,623,45
62050,0,0,0,0,0,0,0,0,0,0
62051,0,0,0,0,94,10,0,0,94,10
62052,0,0,2567,5,202,22,0,0,2769,27
62053,0,0,0,0,0,0,0,0,0,0
62054,0,0,0,0,27,3,0,0,27,3
62056,0,0,1042,5,620,63,0,0,1662,68
62058,0,0,0,0,20,2,0,0,20,2
62059,0,0,0,0,0,0,0,0,0,0
62060,0,0,0,0,0,0,0,0,0,0
62061,0,0,0,0,85,6,0,0,85,6
62062,0,0,0,0,154,19,0,0,154,19
62063,0,0,50,1,8,1,0,0,58,2
62065,0,0,0,0,0,0,0,0,0,0
62067,0,0,0,0,55,7,0,0,55,7
62069,0,0,0,0,128,14,0,0,128,14
62070,0,0,0,0,0,0,0,0,0,0
62074,0,0,40,1,120,13,0,0,160,14
62075,0,0,0,0,145,12,0,0,145,12
62076,0,0,0,0,0,0,0,0,0,0
62077,0,0,0,0,0,0,0,0,0,0
62078,0,0,0,0,0,0,0,0,0,0
62079,0,0,0,0,0,0,0,0,0,0
62080,0,0,0,0,50,5,0,0,50,5
62081,0,0,0,0,30,2,0,0,30,2
62082,0,0,0,0,84,8,0,0,84,8
62083,0,0,0,0,18,2,0,0,18,2
62084,0,0,58,1,8,1,0,0,65,2
62085,0,0,0,0,10,1,0,0,10,1
62086,0,0,0,0,72,8,0,0,72,8
62087,0,0,0,0,25,3,0,0,25,3
62088,0,0,64,2,448,45,0,0,513,47
62089,0,0,0,0,43,5,0,0,43,5
62090,0,0,0,0,0,0,0,0,0,0
62091,0,0,0,0,39,4,0,0,39,4
62092,0,0,1056,5,71,7,0,0,1127,12
62093,0,0,0,0,0,0,0,0,0,0
62094,0,0,0,0,28,3,0,0,28,3
62095,0,0,216,1,112,15,0,0,328,16
62097,0,0,0,0,130,12,0,0,130,12
62098,0,0,0,0,0,0,0,0,0,0
62201,0,0,1850,2,20,2,1800,1,3670,5
62203,0,0,62,1,10,1,0,0,72,2
62204,0,0,560,2,32,3,0,0,592,5
62205,0,0,103,2,0,0,0,0,103,2
62206,2028,2,820,2,78,8,0,0,2926,12
62207,0,0,33,1,10,1,0,0,43,2
62208,0,0,0,0,172,23,0,0,172,23
62214,0,0,35,1,104,10,0,0,139,11
62215,0,0,0,0,215,17,0,0,215,17
62216,0,0,27,1,358,34,0,0,385,35
62217,0,0,0,0,6,1,0,0,6,1
62218,0,0,73,2,163,16,0,0,236,18
62219,0,0,0,0,47,6,0,0,47,6
62220,0,0,1250,2,149,20,0,0,1399,22
62221,0,0,1659,3,776,90,0,0,2435,93
62223,0,0,540,2,196,20,0,0,736,22
62225,0,0,2578,3,0,0,0,0,2578,3
62226,0,0,588,3,301,38,0,0,888,41
62230,0,0,621,7,144,17,0,0,766,24
62231,2000,1,336,2,218,23,2000,1,4554,27
62232,0,0,0,0,95,10,0,0,95,10
62233,0,0,280,1,166,18,0,0,446,19
62234,0,0,52,1,379,48,0,0,431,49
62236,0,0,644,3,264,29,0,0,908,32
62237,0,0,0,0,64,7,99000,1,99064,8
62238,0,0,0,0,36,4,0,0,36,4
62239,0,0,26,1,78,10,0,0,104,11
62240,0,0,540,1,48,6,0,0,588,7
62241,0,0,0,0,65,7,0,0,65,7
62242,0,0,0,0,25,3,0,0,25,3
62243,0,0,0,0,258,25,0,0,258,25
62244,0,0,0,0,81,9,0,0,81,9
62245,0,0,188,1,32,4,0,0,219,5
62246,0,0,1076,4,754,74,0,0,1831,78
62248,0,0,0,0,0,0,0,0,0,0
62249,0,0,70,2,576,61,0,0,646,63
62250,0,0,67,1,19,1,0,0,85,2
62253,0,0,0,0,6,1,0,0,6,1
62254,0,0,88,2,186,19,0,0,274,21
62255,0,0,0,0,46,5,0,0,46,5
62256,0,0,0,0,17,2,0,0,17,2
62257,0,0,188,1,90,11,0,0,278,12
62258,0,0,503,3,328,32,0,0,831,35
62260,0,0,0,0,180,18,0,0,180,18
62261,0,0,0,0,0,0,0,0,0,0
62262,0,0,0,0,206,20,0,0,206,20
62263,0,0,495,8,199,16,0,0,694,24
62264,0,0,0,0,112,10,0,0,112,10
62265,0,0,0,0,63,8,0,0,63,8
62266,0,0,0,0,5,1,0,0,5,1
62268,0,0,0,0,68,7,0,0,68,7
62269,0,0,1129,2,747,86,0,0,1876,88
62271,0,0,563,9,146,11,0,0,709,20
62272,0,0,0,0,105,9,0,0,105,9
62273,0,0,0,0,25,1,0,0,25,1
62274,0,0,530,3,299,29,0,0,829,32
62275,0,0,45,1,83,9,0,0,128,10
62277,0,0,0,0,39,4,0,0,39,4
62278,0,0,0,0,97,10,0,0,97,10
62279,0,0,0,0,0,0,0,0,0,0
62280,0,0,0,0,48,5,0,0,48,5
62281,0,0,606,3,205,19,0,0,812,22
62282,0,0,0,0,10,1,0,0,10,1
62283,0,0,0,0,0,0,0,0,0,0
62284,0,0,0,0,10,1,0,0,10,1
62285,0,0,0,0,124,14,0,0,124,14
62286,0,0,913,1,119,13,0,0,1032,14
62288,0,0,0,0,301,31,0,0,301,31
62289,0,0,0,0,37,3,0,0,37,3
62292,0,0,0,0,0,0,0,0,0,0
62293,0,0,440,2,307,28,0,0,747,30
62294,0,0,1274,5,341,40,0,0,1614,45
62295,0,0,233,1,22,1,0,0,255,2
62297,0,0,0,0,25,3,0,0,25,3
62298,0,0,0,0,418,42,0,0,418,42
62301,0,0,263,2,174,18,0,0,437,20
62305,0,0,1625,2,534,60,0,0,2159,62
62311,0,0,0,0,9,1,0,0,9,1
62312,0,0,0,0,10,1,0,0,10,1
62313,0,0,0,0,90,8,0,0,90,8
62314,0,0,48,1,46,5,0,0,94,6
62316,0,0,0,0,25,3,0,0,25,3
62318,0,0,0,0,0,0,0,0,0,0
62319,0,0,0,0,0,0,0,0,0,0
62320,0,0,0,0,139,17,0,0,139,17
62321,0,0,520,5,376,38,0,0,896,43
62323,0,0,0,0,0,0,0,0,0,0
62324,0,0,0,0,33,4,0,0,33,4
62325,0,0,0,0,51,6,0,0,51,6
62326,0,0,0,0,117,13,0,0,117,13
62330,0,0,95,2,199,21,0,0,294,23
62334,0,0,0,0,10,1,0,0,10,1
62336,0,0,0,0,6,1,0,0,6,1
62338,0,0,0,0,47,5,0,0,47,5
62339,0,0,0,0,32,4,0,0,32,4
62340,0,0,156,2,25,3,0,0,181,5
62341,0,0,0,0,95,10,0,0,95,10
62343,0,0,0,0,10,1,0,0,10,1
62344,0,0,0,0,0,0,0,0,0,0
62345,0,0,0,0,0,0,0,0,0,0
62346,0,0,0,0,0,0,0,0,0,0
62347,0,0,0,0,91,11,0,0,91,11
62348,0,0,0,0,30,2,0,0,30,2
62349,0,0,0,0,20,3,0,0,20,3
62351,0,0,0,0,34,4,0,0,34,4
62352,0,0,0,0,0,0,0,0,0,0
62353,0,0,0,0,115,13,0,0,115,13
62354,0,0,0,0,179,16,0,0,179,16
62355,0,0,0,0,38,4,0,0,38,4
62356,0,0,0,0,0,0,0,0,0,0
62357,0,0,0,0,0,0,0,0,0,0
62358,0,0,0,0,33,4,0,0,33,4
62359,0,0,0,0,0,0,0,0,0,0
62360,0,0,0,0,28,3,0,0,28,3
62361,0,0,0,0,10,1,0,0,10,1
62362,0,0,0,0,8,1,0,0,8,1
62363,0,0,72,1,67,8,0,0,139,9
62365,0,0,0,0,0,0,0,0,0,0
62366,0,0,0,0,10,1,0,0,10,1
62367,0,0,0,0,47,6,0,0,47,6
62370,0,0,0,0,0,0,0,0,0,0
62373,0,0,0,0,76,8,0,0,76,8
62374,0,0,0,0,8,1,0,0,8,1
62375,0,0,0,0,0,0,0,0,0,0
62376,0,0,400,4,88,9,0,0,488,13
62378,0,0,0,0,10,1,0,0,10,1
62379,0,0,0,0,203,17,0,0,203,17
62380,0,0,0,0,35,2,0,0,35,2
62401,0,0,699,3,287,34,0,0,986,37
62410,0,0,34,1,10,1,0,0,44,2
62411,0,0,0,0,170,19,0,0,170,19
62413,0,0,0,0,10,1,0,0,10,1
62414,0,0,0,0,185,19,0,0,185,19
62417,0,0,0,0,44,5,0,0,44,5
62418,0,0,0,0,94,8,0,0,94,8
62419,0,0,0,0,20,2,0,0,20,2
62420,0,0,0,0,20,2,0,0,20,2
62421,0,0,0,0,10,1,0,0,10,1
62422,0,0,0,0,29,4,0,0,29,4
62423,0,0,0,0,0,0,0,0,0,0
62424,0,0,40,1,64,6,0,0,104,7
62425,0,0,0,0,10,1,0,0,10,1
62426,0,0,0,0,5,1,0,0,5,1
62427,0,0,0,0,4,1,0,0,4,1
62428,0,0,0,0,42,5,0,0,42,5
62431,0,0,0,0,55,6,0,0,55,6
62432,0,0,0,0,0,0,0,0,0,0
62433,0,0,0,0,34,2,0,0,34,2
62434,0,0,0,0,10,1,0,0,10,1
62436,0,0,0,0,26,2,0,0,26,2
62438,0,0,0,0,0,0,0,0,0,0
62439,0,0,0,0,81,8,0,0,81,8
62440,0,0,0,0,18,2,0,0,18,2
62441,0,0,73,1,49,5,0,0,122,6
62442,0,0,0,0,27,3,0,0,27,3
62443,0,0,0,0,46,5,0,0,46,5
62444,0,0,0,0,8,1,0,0,8,1
62445,0,0,0,0,72,6,0,0,72,6
62446,0,0,0,0,45,3,0,0,45,3
62447,0,0,0,0,61,8,0,0,61,8
62448,0,0,0,0,100,10,0,0,100,10
62449,0,0,0,0,18,2,0,0,18,2
62450,2000,1,60,1,225,21,2000,1,4285,24
62451,0,0,0,0,25,3,0,0,25,3
62452,0,0,0,0,0,0,0,0,0,0
62454,0,0,67,1,82,8,0,0,149,9
62458,0,0,1822,2,65,8,1800,1,3688,11
62459,0,0,0,0,10,1,0,0,10,1
62460,0,0,0,0,20,2,0,0,20,2
62461,0,0,0,0,30,3,0,0,30,3
62462,0,0,0,0,46,4,0,0,46,4
62463,0,0,0,0,23,3,0,0,23,3
62464,0,0,0,0,0,0,0,0,0,0
62465,0,0,0,0,40,4,0,0,40,4
62466,0,0,198,1,50,6,0,0,247,7
62467,0,0,193,2,229,24,0,0,422,26
62468,0,0,0,0,35,4,0,0,35,4
62469,0,0,0,0,0,0,0,0,0,0
62471,0,0,0,0,357,37,0,0,357,37
62473,0,0,0,0,30,3,0,0,30,3
62474,0,0,0,0,0,0,0,0,0,0
62475,0,0,0,0,0,0,0,0,0,0
62476,0,0,0,0,40,3,0,0,40,3
62477,0,0,0,0,20,2,0,0,20,2
62478,0,0,0,0,0,0,0,0,0,0
62479,0,0,0,0,36,4,0,0,36,4
62480,0,0,0,0,0,0,0,0,0,0
62481,0,0,0,0,0,0,0,0,0,0
62501,0,0,0,0,66,7,0,0,66,7
62510,0,0,1700,2,43,6,3500,2,5243,10
62511,0,0,0,0,0,0,0,0,0,0
62512,0,0,0,0,28,3,0,0,28,3
62513,0,0,48,1,20,1,0,0,68,2
62514,0,0,0,0,0,0,0,0,0,0
62515,0,0,0,0,28,3,0,0,28,3
62517,0,0,0,0,0,0,0,0,0,0
62518,0,0,0,0,29,3,0,0,29,3
62519,0,0,0,0,0,0,0,0,0,0
62520,0,0,0,0,50,5,0,0,50,5
62521,0,0,1100,5,145,18,0,0,1245,23
62522,0,0,100,1,26,3,0,0,126,4
62523,0,0,0,0,25,1,0,0,25,1
62526,0,0,1051,2,140,14,0,0,1191,16
62530,0,0,0,0,0,0,0,0,0,0
62531,0,0,0,0,71,8,0,0,71,8
62532,0,0,0,0,0,0,0,0,0,0
62533,0,0,0,0,22,3,0,0,22,3
62534,0,0,0,0,15,2,0,0,15,2
62535,0,0,0,0,22,2,0,0,22,2
62536,0,0,0,0,24,3,0,0,24,3
62537,0,0,0,0,8,1,0,0,8,1
62538,0,0,0,0,10,1,0,0,10,1
62539,0,0,0,0,18,2,0,0,18,2
62540,0,0,0,0,18,2,0,0,18,2
62541,0,0,0,0,0,0,0,0,0,0
62543,0,0,0,0,10,1,0,0,10,1
62544,0,0,0,0,0,0,0,0,0,0
62545,0,0,0,0,60,6,0,0,60,6
62546,0,0,0,0,80,9,0,0,80,9
62547,0,0,0,0,8,1,0,0,8,1
62548,0,0,0,0,56,7,0,0,56,7
62549,0,0,0,0,26,3,0,0,26,3
62550,0,0,0,0,21,2,0,0,21,2
62551,0,0,0,0,22,3,0,0,22,3
62552,0,0,0,0,0,0,0,0,0,0
62553,0,0,0,0,0,0,0,0,0,0
62554,0,0,0,0,6,1,0,0,6,1
62555,0,0,0,0,10,1,0,0,10,1
62556,0,0,0,0,33,2,0,0,33,2
62557,0,0,0,0,101,9,0,0,101,9
62558,0,0,360,1,29,4,0,0,389,5
62560,0,0,45,1,64,7,0,0,109,8
62561,0,0,0,0,112,14,0,0,112,14
62563,0,0,0,0,171,19,0,0,171,19
62565,0,0,0,0,106,10,0,0,106,10
62567,0,0,0,0,25,3,0,0,25,3
62568,0,0,100,1,357,41,0,0,457,42
62570,0,0,0,0,20,1,0,0,20,1
62571,0,0,0,0,0,0,0,0,0,0
62572,0,0,0,0,33,4,0,0,33,4
62573,0,0,0,0,54,4,0,0,54,4
62601,0,0,0,0,35,4,0,0,35,4
62610,0,0,0,0,0,0,0,0,0,0
62611,0,0,0,0,38,4,0,0,38,4
62612,0,0,180,1,121,13,0,0,301,14
62613,0,0,0,0,152,17,0,0,152,17
62615,0,0,0,0,95,9,0,0,95,9
62617,0,0,29,1,18,2,0,0,46,3
62618,0,0,1995,1,107,11,0,0,2102,12
62621,0,0,0,0,48,5,0,0,48,5
62622,0,0,0,0,0,0,0,0,0,0
62624,0,0,0,0,6,1,0,0,6,1
62625,0,0,0,0,16,2,0,0,16,2
62626,0,0,1992,1,335,38,0,0,2327,39
62627,0,0,0,0,84,8,0,0,84,8
62628,0,0,0,0,59,7,0,0,59,7
62629,0,0,0,0,272,32,0,0,272,32
62630,0,0,0,0,20,2,0,0,20,2
62631,0,0,0,0,57,7,0,0,57,7
62633,0,0,0,0,28,3,0,0,28,3
62634,0,0,0,0,0,0,0,0,0,0
62635,0,0,50,1,10,1,0,0,60,2
62638,0,0,30,1,106,12,0,0,136,13
62639,0,0,0,0,10,1,0,0,10,1
62640,2000,1,0,0,75,9,2700,1,4775,11
62642,0,0,0,0,29,2,0,0,29,2
62643,0,0,0,0,0,0,0,0,0,0
62644,0,0,0,0,96,9,0,0,96,9
62649,0,0,0,0,28,3,0,0,28,3
62650,0,0,1514,4,395,40,0,0,1909,44
62655,0,0,0,0,10,1,0,0,10,1
62656,0,0,1920,2,260,26,0,0,2180,28
62661,0,0,0,0,25,3,0,0,25,3
62663,0,0,0,0,0,0,0,0,0,0
62664,0,0,0,0,86,7,0,0,86,7
62665,4000,2,0,0,34,4,4000,2,8034,8
62666,0,0,0,0,8,1,0,0,8,1
62667,0,0,0,0,55,4,0,0,55,4
62668,4000,2,0,0,30,4,4000,2,8030,8
62670,0,0,0,0,188,19,0,0,188,19
62671,0,0,0,0,17,2,0,0,17,2
62672,0,0,0,0,0,0,0,0,0,0
62673,0,0,0,0,8,1,0,0,8,1
62674,2000,1,0,0,26,3,2000,1,4026,5
62675,0,0,0,0,149,16,0,0,149,16
62677,0,0,53,1,216,20,0,0,270,21
62681,0,0,0,0,60,7,0,0,60,7
62682,0,0,0,0,0,0,0,0,0,0
62684,0,0,0,0,107,13,0,0,107,13
62685,0,0,0,0,90,11,0,0,90,11
62686,0,0,0,0,0,0,0,0,0,0
62688,0,0,0,0,63,8,0,0,63,8
62689,0,0,0,0,0,0,0,0,0,0
62690,0,0,0,0,92,10,0,0,92,10
62691,0,0,30,1,51,6,0,0,81,7
62692,0,0,0,0,43,5,0,0,43,5
62693,0,0,0,0,10,1,0,0,10,1
62694,0,0,0,0,185,19,0,0,185,19
62695,0,0,0,0,10,1,0,0,10,1
62701,0,0,0,0,56,3,0,0,56,3
62702,0,0,586,3,130,16,0,0,717,19
62703,0,0,0,0,191,22,0,0,191,22
62704,0,0,150,1,223,25,0,0,373,26
62706,0,0,0,0,0,0,0,0,0,0
62707,0,0,278,2,176,19,0,0,454,21
62711,0,0,200,1,391,43,0,0,591,44
62712,0,0,0,0,320,38,0,0,320,38
62801,2000,1,1400,10,184,20,2000,1,5584,32
62803,0,0,0,0,29,3,0,0,29,3
62806,0,0,0,0,0,0,0,0,0,0
62807,0,0,0,0,59,7,0,0,59,7
62808,0,0,0,0,93,10,0,0,93,10
62809,0,0,0,0,10,1,0,0,10,1
62810,0,0,0,0,68,5,0,0,68,5
62811,0,0,0,0,0,0,0,0,0,0
62812,0,0,581,1,111,13,0,0,692,14
62814,2000,1,0,0,34,4,2000,1,4034,6
62815,0,0,0,0,0,0,0,0,0,0
62816,0,0,0,0,0,0,0,0,0,0
62817,0,0,0,0,28,2,0,0,28,2
62818,0,0,0,0,0,0,0,0,0,0
62819,0,0,0,0,0,0,0,0,0,0
62820,0,0,0,0,0,0,0,0,0,0
62821,0,0,259,1,15,2,0,0,274,3
62822,0,0,0,0,5,1,0,0,5,1
62823,0,0,0,0,30,2,0,0,30,2
62824,0,0,0,0,44,4,0,0,44,4
62825,0,0,0,0,10,1,0,0,10,1
62827,0,0,0,0,18,2,0,0,18,2
62828,0,0,100,1,90,8,0,0,190,9
62829,0,0,0,0,0,0,0,0,0,0
62830,0,0,0,0,40,4,0,0,40,4
62831,0,0,0,0,80,10,0,0,80,10
62832,0,0,188,1,122,15,0,0,310,16
62833,0,0,0,0,0,0,0,0,0,0
62835,0,0,0,0,25,3,0,0,25,3
62836,0,0,0,0,45,5,0,0,45,5
62837,0,0,40,1,22,2,0,0,62,3
62838,0,0,0,0,70,7,0,0,70,7
62839,0,0,0,0,117,9,0,0,117,9
62841,0,0,0,0,10,1,0,0,10,1
62842,0,0,0,0,28,3,0,0,28,3
62843,0,0,0,0,0,0,0,0,0,0
62844,0,0,0,0,0,0,0,0,0,0
62846,0,0,30,1,55,6,0,0,85,7
62848,0,0,0,0,4,1,0,0,4,1
62849,0,0,0,0,88,7,0,0,88,7
62850,0,0,0,0,0,0,0,0,0,0
62851,0,0,0,0,0,0,0,0,0,0
62852,0,0,0,0,10,1,0,0,10,1
62853,0,0,0,0,27,2,0,0,27,2
62854,0,0,0,0,65,7,0,0,65,7
62856,0,0,0,0,0,0,0,0,0,0
62857,0,0,0,0,0,0,0,0,0,0
62858,1980,1,0,0,57,6,0,0,2037,7
62859,0,0,0,0,32,4,0,0,32,4
62860,0,0,0,0,10,1,0,0,10,1
62861,0,0,0,0,0,0,0,0,0,0
62862,0,0,0,0,0,0,0,0,0,0
62863,0,0,134,3,170,16,0,0,304,19
62864,0,0,362,3,196,18,0,0,558,21
62865,0,0,0,0,10,1,0,0,10,1
62867,0,0,0,0,0,0,0,0,0,0
62868,0,0,95,2,50,4,0,0,145,6
62869,0,0,0,0,31,4,0,0,31,4
62870,0,0,0,0,20,2,0,0,20,2
62871,0,0,0,0,8,1,0,0,8,1
62872,0,0,0,0,0,0,0,0,0,0
62874,0,0,0,0,0,0,0,0,0,0
62875,0,0,300,1,48,6,0,0,348,7
62876,0,0,0,0,0,0,0,0,0,0
62877,0,0,68,1,40,4,0,0,108,5
62878,0,0,0,0,8,1,0,0,8,1
62879,0,0,0,0,0,0,0,0,0,0
62880,0,0,0,0,24,3,0,0,24,3
62881,0,0,0,0,184,19,0,0,184,19
62882,500,1,0,0,14,2,0,0,514,3
62883,0,0,0,0,37,4,0,0,37,4
62884,0,0,0,0,68,8,0,0,68,8
62885,0,0,0,0,20,2,0,0,20,2
62886,0,0,0,0,0,0,0,0,0,0
62887,0,0,0,0,0,0,0,0,0,0
62888,0,0,40,1,77,8,0,0,117,9
62889,0,0,0,0,20,2,0,0,20,2
62890,0,0,0,0,30,3,0,0,30,3
62891,0,0,0,0,6,1,0,0,6,1
62892,0,0,0,0,0,0,0,0,0,0
62893,0,0,0,0,15,2,0,0,15,2
62894,0,0,0,0,19,2,0,0,19,2
62895,0,0,0,0,33,2,0,0,33,2
62896,2000,1,0,0,37,5,2000,1,4037,7
62897,0,0,0,0,0,0,0,0,0,0
62898,0,0,30,1,54,6,0,0,84,7
62899,0,0,0,0,18,2,0,0,18,2
62901,0,0,1400,5,477,58,0,0,1877,63
62902,0,0,38,1,228,27,0,0,265,28
62903,0,0,0,0,185,16,0,0,185,16
62905,0,0,0,0,18,2,0,0,18,2
62906,0,0,0,0,117,13,0,0,117,13
62907,0,0,0,0,185,19,0,0,185,19
62908,0,0,0,0,0,0,0,0,0,0
62910,0,0,0,0,8,1,0,0,8,1
62912,0,0,0,0,25,3,0,0,25,3
62914,0,0,43,1,0,0,0,0,43,1
62915,0,0,0,0,0,0,0,0,0,0
62916,0,0,0,0,68,7,0,0,68,7
62917,0,0,0,0,45,4,0,0,45,4
62918,2650,2,1320,1,227,23,3600,2,7797,28
62919,0,0,0,0,30,2,0,0,30,2
62920,0,0,0,0,114,13,0,0,114,13
62921,0,0,0,0,0,0,0,0,0,0
62922,0,0,0,0,63,7,0,0,63,7
62923,0,0,0,0,10,1,0,0,10,1
62924,0,0,0,0,48,5,0,0,48,5
62926,0,0,0,0,43,4,0,0,43,4
62927,0,0,0,0,0,0,0,0,0,0
62928,0,0,0,0,10,1,0,0,10,1
62930,0,0,367,2,88,7,0,0,455,9
62931,0,0,0,0,55,5,0,0,55,5
62932,0,0,0,0,50,5,0,0,50,5
62933,0,0,0,0,15,1,0,0,15,1
62934,0,0,0,0,0,0,0,0,0,0
62935,0,0,0,0,55,5,0,0,55,5
62938,0,0,30,1,30,4,0,0,60,5
62939,0,0,0,0,38,4,0,0,38,4
62940,0,0,0,0,15,2,0,0,15,2
62941,0,0,0,0,0,0,0,0,0,0
62942,0,0,0,0,0,0,0,0,0,0
62943,0,0,0,0,0,0,0,0,0,0
62946,0,0,630,5,249,23,0,0,879,28
62947,0,0,0,0,0,0,0,0,0,0
62948,4000,2,53,1,231,24,4000,2,8285,29
62949,0,0,0,0,0,0,0,0,0,0
62950,0,0,0,0,5,1,0,0,5,1
62951,0,0,0,0,30,3,0,0,30,3
62952,0,0,0,0,25,3,0,0,25,3
62953,0,0,0,0,0,0,0,0,0,0
62954,0,0,0,0,28,2,0,0,28,2
62956,0,0,0,0,0,0,0,0,0,0
62957,0,0,0,0,0,0,0,0,0,0
62958,0,0,0,0,234,22,0,0,234,22
62959,0,0,2664,13,697,66,0,0,3361,79
62960,0,0,0,0,36,4,0,0,36,4
62961,0,0,0,0,0,0,0,0,0,0
62962,0,0,0,0,0,0,0,0,0,0
62963,0,0,0,0,0,0,0,0,0,0
62964,0,0,480,1,0,0,0,0,480,1
62965,0,0,0,0,0,0,0,0,0,0
62966,0,0,2704,3,315,35,0,0,3019,38
62967,0,0,0,0,19,3,0,0,19,3
62969,0,0,0,0,0,0,0,0,0,0
62970,0,0,0,0,0,0,0,0,0,0
62972,0,0,0,0,40,3,0,0,40,3
62974,0,0,0,0,58,5,0,0,58,5
62975,0,0,0,0,18,2,0,0,18,2
62976,0,0,0,0,0,0,0,0,0,0
62977,0,0,0,0,35,3,0,0,35,3
62979,0,0,297,1,32,3,0,0,329,4
62982,0,0,0,0,0,0,0,0,0,0
62983,0,0,0,0,25,4,0,0,25,4
62984,0,0,0,0,20,2,0,0,20,2
62985,0,0,0,0,40,4,0,0,40,4
62987,0,0,0,0,80,7,0,0,80,7
62988,0,0,0,0,0,0,0,0,0,0
62990,0,0,0,0,0,0,0,0,0,0
62991,0,0,0,0,0,0,0,0,0,0
62992,0,0,0,0,0,0,0,0,0,0
62993,0,0,0,0,0,0,0,0,0,0
62994,0,0,0,0,40,4,0,0,40,4
62995,0,0,0,0,57,6,0,0,57,6
62996,0,0,0,0,0,0,0,0,0,0
62997,0,0,0,0,10,1,0,0,10,1
62998,0,0,0,0,0,0,0,0,0,0
62999,0,0,0,0,16,2,0,0,16,2
63673,0,0,0,0,0,0,0,0,0,0
