Zipcode,CS,DG_Large,DG_Small,Nonprofit/Public,Utility,Grand Total
31818,,,9.772,,,9.772
47807,,,9.28,,,9.28
52354,,,7.6,,,7.6
60002,,1974.5,703.359,,,2677.859
60004,,1997.6,665.062,,,2662.662
60005,,200,349.214,,,549.214
60007,,322,704.775,,,1026.775
60008,,1100,312.688,,,1412.688
60010,,360.03,1138.407,,,1498.437
60012,,90.4,275.285,,,365.685
60013,,125.4,700.215,,,825.615
60014,,1038.2,1214.122,,,2252.322
60015,,256.8,277.585,,,534.385
60016,,127.2,682.375,,,809.575
60018,,273.898,427.34,,,701.238
60020,,22.8,266.375,,,289.175
60021,,17.6,84.72,,,102.32
60022,,15.2,51.626,,,66.826
60025,,465.2,465.432,,,930.632
60026,,,165.42,,,165.42
60030,,4016.4,1058.429,,,5074.829
60031,,4207.9,702.334,,,4910.234
60033,1950,2378,336.805,,,4664.805
60034,,491.6,75.92,,,567.52
60035,,872.58,332.436,,,1205.016
60037,,,7.6,,,7.6
60040,,,28.2,,,28.2
60041,,1601.2,224.07,,,1825.27
60042,,,295.27,,,295.27
60043,,,8.027,,,8.027
60044,,,59.44,,,59.44
60045,,123.2,153.768,,,276.968
60046,,63.4,761.475,,,824.875
60047,,1782.8,1237.605,,,3020.405
60048,,240,400.679,,,640.679
60050,,641.4,739.994,,,1381.394
60051,,167.7,550.29,,,717.99
60053,,25.2,578.15,,,603.35
60054,,,11.4,,,11.4
60056,,10,636.185,,,646.185
60059,,,6.09,,,6.09
60060,,1262.6,951.02,,,2213.62
60061,,704.19,747.597,,,1451.787
60062,,991.6,634.842,,,1626.442
60064,,25.8,230.37,,,256.17
60067,,566.6,877.346,,,1443.946
60068,,131.4,407.025,,,538.425
60069,,43.2,70.46,,,113.66
60070,,54.4,145.86,,,200.26
60071,,282.8,62.04,,,344.84
60072,,,30.64,,,30.64
60073,,736.66,2390.121,,,3126.781
60074,,530,371.2,,,901.2
60076,,103.4,731.076,,,834.476
60077,,203.2,428.612,,,631.812
60081,,26.4,153.236,,,179.636
60083,,456.6,426.527,,,883.127
60084,,111.88,542.768,,,654.648
60085,,714.6,833.395,366.6,,1914.595
60087,,72.12,752.725,,,824.845
60089,,246.88,684.096,,,930.976
60090,,2040,302.645,,,2342.645
60091,,15.2,265.975,,,281.175
60093,,899.2,115.947,,,1015.147
60095,,,4.64,,,4.64
60096,,21.4,113.72,,,135.12
60097,,116.6,335.52,,,452.12
60098,1950,2336.48,1042.507,,,5328.987
60099,,154,966.555,,,1120.555
60101,,632.6,460.68,,,1093.28
60102,,2132.56,957.62,,2800,5890.18
60103,,541.6,816.44,,,1358.04
60104,,86,169.36,,,255.36
60106,,48.219,267.612,,,315.831
60107,,,1175.17,,,1175.17
60108,,766.6,394.31,,,1160.91
60109,1950,,,,,1950
60110,,,708.595,,,708.595
60111,,,10,,,10
60112,2000,21.4,200.78,,2000,4222.18
60115,2000,2508.3,752.838,,,5261.138
60118,,288,257.72,,,545.72
60119,,263.2,312.195,,,575.395
60120,,,770.992,,,770.992
60123,900,515,892.075,,,2307.075
60124,,98.55,1067.598,,,1166.148
60126,,44.41,722.06,,,766.47
60128,,15.6,,,,15.6
60129,,,29.2,,,29.2
60130,,66.6,230.82,,,297.42
60131,,,335.74,,,335.74
60132,,,3.8,,,3.8
60133,,23.4,934.011,,,957.411
60134,,48,260.422,,,308.422
60135,,67.8,260.136,,,327.936
60136,,64.04,319.066,,,383.106
60137,,882.6,566.4,,,1449
60139,,1771.6,825.769,,,2597.369
60140,,650.47,1107.08,,,1757.55
60141,,,7.6,,,7.6
60142,2000,1931.6,1191.319,,5900,11022.919
60143,,1364.6,257.28,,,1621.88
60145,,76,191.256,,,267.256
60146,,658.2,254.855,,,913.055
60148,,1038,688.791,,,1726.791
60150,,122.7,87.26,,,209.96
60151,2000,1313.7,319.122,,2000,5632.822
60152,5950,220,476.952,,2000,8646.952
60153,,82,324.9,86.8,,493.7
60154,,11.4,371.435,,,382.835
60155,,,79.72,,,79.72
60156,,1288,1022.585,,,2310.585
60157,,20,83.509,,,103.509
60160,,1960.9,282.18,,,2243.08
60162,,,107.67,,,107.67
60163,,,147.74,,,147.74
60164,,700,308.28,25,,1033.28
60165,,,54.76,,,54.76
60169,,44.2,800.41,,,844.61
60171,,110,79.48,,,189.48
60172,,133.6,540.826,,,674.426
60173,,480,89.9,,,569.9
60174,,60,178.195,,,238.195
60175,,77.08,355.502,,,432.582
60176,,,120,,,120
60177,,912.6,505.485,,,1418.085
60178,,641.7,733.52,,,1375.22
60180,,221.2,37.61,,,258.81
60181,,380.8,345.435,,,726.235
60183,,,8.1,,,8.1
60184,,12.6,60.42,,,73.02
60185,,1706.39,778.736,,,2485.126
60187,,630.8,269.332,,,900.132
60188,,293.2,960.724,,,1253.924
60189,,11.4,310.865,,,322.265
60190,,15.2,188.23,,,203.43
60191,,102.6,264.094,,,366.694
60192,,61.6,521.806,,,583.406
60193,,25.6,748.304,,,773.904
60194,,313.6,366.91,,,680.51
60195,,11.4,96.03,,,107.43
60197,,,4.6,,,4.6
60201,,496.8,528.38,,,1025.18
60202,,492,448.661,,,940.661
60203,,,128.078,,,128.078
60302,,210,610.193,,,820.193
60304,,24,588.277,,,612.277
60305,,66.6,194.92,,,261.52
60401,3950,10.15,131.565,,,4091.715
60402,,163.2,970.134,,,1133.334
60403,,19.56,338.19,,,357.75
60404,,561,907.716,,,1468.716
60406,,72,298.2,,,370.2
60407,,,12.16,,,12.16
60408,2000,11.4,89.18,,,2100.58
60409,,1980,410.67,,,2390.67
60410,,32.8,475.487,,,508.287
60411,6450,20.4,732.82,,,7203.22
60412,,,3.8,,,3.8
60415,,,168.54,136.34,,304.88
60416,,,108.677,,,108.677
60417,2000,750,258.65,,2000,5008.65
60418,,,14.3,,,14.3
60419,,,300.83,,,300.83
60420,,38.2,45,,,83.2
60421,,,84.46,,,84.46
60422,,11.6,378.6,,,390.2
60423,,2310.6,647.724,,2000,4958.324
60424,2000,,43.04,,,2043.04
60425,,,165.27,,,165.27
60426,,,221.792,,,221.792
60428,,,94.71,,,94.71
60429,,,258.46,400,,658.46
60430,,22.8,309.66,,,332.46
60431,,1301.4,1150.14,,,2451.54
60432,,7.6,151.66,,,159.26
60433,2000,15.2,180.57,73,4000,6268.77
60435,,12,955.085,,,967.085
60436,,15.2,144.81,,,160.01
60438,,,203.77,,,203.77
60439,,43,407.006,,,450.006
60440,,352.4,1888.06,,,2240.46
60441,,881.4,685.392,,,1566.792
60442,,25.2,249.008,,,274.208
60443,,1020,655.015,,,1675.015
60444,,10,69.24,,,79.24
60445,,496,459.98,,,955.98
60446,,3225.2,2542.605,,1900,7667.805
60447,,222.8,688.726,,,911.526
60448,,77.272,261.785,,,339.057
60449,,35.2,137.42,,,172.62
60450,2000,1024.88,201.71,,,3226.59
60451,,900,485.367,,,1385.367
60452,,105.4,709.855,,,815.255
60453,,19,804.215,,,823.215
60455,,120,171.78,79.2,,370.98
60456,,,20.2,,,20.2
60457,,60.6,155.3,,,215.9
60458,,,63.395,,,63.395
60459,,,291.46,,,291.46
60460,,,55.01,,,55.01
60461,,,43.57,,,43.57
60462,,490.64,451.842,,,942.482
60463,,11.4,172.45,,,183.85
60464,,9,78.972,,,87.972
60465,,22.6,207.56,,,230.16
60466,,1625,214.67,,1600,3439.67
60467,,75.88,479.11,,,554.99
60468,,10.32,139.615,,,149.935
60469,,,103.14,,,103.14
60470,,,6.96,,,6.96
60471,,,264.57,,,264.57
60472,,,22.8,,,22.8
60473,,32.4,271.695,,,304.095
60474,,22.7,6.48,,,29.18
60475,,11.4,59.49,,,70.89
60476,,,22.21,,,22.21
60477,,203.3,491.8,,,695.1
60478,,208,708.964,37.5,,954.464
60479,,,23.44,,,23.44
60480,,11.4,60.562,,,71.962
60481,,16.64,139.197,,,155.837
60482,,,126.99,19.72,,146.71
60484,,10.6,99.61,,,110.21
60487,,220.3,480.042,250,,950.342
60490,,31.8,1708.859,,,1740.659
60491,,50.8,298.79,,,349.59
60501,,22.8,116.49,,,139.29
60502,,660.8,463.435,,,1124.235
60503,,15.2,696.615,,,711.815
60504,,13.6,818.351,,,831.951
60505,,67.6,1469.49,,,1537.09
60506,,45,1237.521,1792.6,,3075.121
60510,,76,182.595,,,258.595
60511,,,63.63,,,63.63
60512,,15.2,75.35,,,90.55
60513,,184.2,350.955,,,535.155
60514,,,130.64,,,130.64
60515,,442.7,308.906,,,751.606
60516,,155.52,475.15,,,630.67
60517,,50.64,744.955,,,795.595
60518,,1044.66,135.03,,,1179.69
60520,,51.4,54.79,,,106.19
60521,,25,197.203,,,222.203
60523,,22.87,85.83,,,108.7
60525,,1864.6,330.59,,,2195.19
60526,,449.6,227.78,,,677.38
60527,,768.68,378.925,,,1147.605
60530,2000,,50.8,,2000,4050.8
60531,,,99.22,,,99.22
60532,,46.8,491.23,,,538.03
60534,,112.2,114.62,,,226.82
60538,,55.6,1332.496,158.6,,1546.696
60539,,2000,,,2000,4000
60540,,542.63,397.577,,,940.207
60541,,37.5,71.6,,,109.1
60542,,,376.99,,,376.99
60543,,2063.65,1354.596,,,3418.246
60544,,249.1,1047.835,,,1296.935
60545,,914.6,674.01,,,1588.61
60546,,,404.368,,,404.368
60548,4000,,102.164,,4000,8102.164
60550,,161.062,61.12,,,222.182
60552,1950,500,34,,2000,4484
60553,,,58.56,,,58.56
60554,,613.3,246.277,,,859.577
60555,,774.8,261.875,,,1036.675
60556,,327.2,67.16,,,394.36
60558,,15.6,182.677,,,198.277
60559,,33.6,218.7,,,252.3
60560,,2052.4,924.221,,,2976.621
60561,,1896.1,410.42,,,2306.52
60563,,267.2,1064.903,,,1332.103
60564,,74.4,1174.901,,,1249.301
60565,,11.4,551.162,,,562.562
60585,,60.6,962.389,,,1022.989
60586,,101,1710.708,,,1811.708
60605,,12.32,18.01,,,30.33
60607,,231.6,11.76,,,243.36
60608,,2313.1,263.46,323.4,1400,4299.96
60609,,1225,163.93,12,,1400.93
60610,,,19.69,,,19.69
60611,,,2.88,,,2.88
60612,,422.8,42.044,,,464.844
60613,,33.3,83.65,,,116.95
60614,,326.6,112.862,,,439.462
60615,,,90.686,,,90.686
60616,,,86.3,1100,,1186.3
60617,,21.4,521.05,,,542.45
60618,,50,470.685,,,520.685
60619,,103.08,499.55,250,,852.63
60620,,,563.6,10,,573.6
60621,,,55.84,,,55.84
60622,,103.2,254.677,,,357.877
60623,,133.3,164.813,57.6,,355.713
60624,,,81.48,,,81.48
60625,,10,452.377,,,462.377
60626,,,137.337,,,137.337
60628,,,613.57,500,,1113.57
60629,,11.4,1330.52,10,,1351.92
60630,,44.7,632.55,,,677.25
60631,,141.84,380.46,,,522.3
60632,,1074.7,684.365,72.1,1000,2831.165
60633,,,118.37,,,118.37
60634,,27.2,854.885,,,882.085
60636,,,60.41,,,60.41
60637,,,240.15,,,240.15
60638,,2386,591.925,,,2977.925
60639,,135,558.19,,,693.19
60640,,94,147.374,,,241.374
60641,,210.6,614.789,,,825.389
60642,,,16,,,16
60643,,110.8,837.313,,9000,9948.113
60644,,,63.04,125,,188.04
60645,,41.4,235.419,,,276.819
60646,,,281.77,,,281.77
60647,,110,342.78,,,452.78
60649,,,185.548,,,185.548
60651,,,194.55,60,,254.55
60652,,21.4,852.96,,,874.36
60653,,,91.36,165,,256.36
60655,,,287.905,,,287.905
60656,,12.6,246.023,,,258.623
60657,,,160.811,,,160.811
60659,,85,151.936,,,236.936
60660,,100.8,66.81,,,167.61
60694,,,8.16,,,8.16
60706,,210.2,214.435,,,424.635
60707,,481.6,362.412,,,844.012
60712,,280.3,289.895,,,570.195
60714,,11.4,340.61,,,352.01
60803,,1044.8,595.559,,,1640.359
60804,,327.8,977.59,,,1305.39
60805,,15.2,206.073,,,221.273
60827,,,157.9,,,157.9
60901,9500,480,129.625,875,6000,16984.625
60910,,,13.8,,,13.8
60911,,,10,,,10
60913,,,19.765,,,19.765
60914,2000,1798.5,210.45,,2000,6008.95
60915,,,32.875,,,32.875
60917,,,19.76,,,19.76
60918,,22.8,37.38,,,60.18
60919,,11.04,17.28,,,28.32
60921,,,51.62,,,51.62
60922,,,15.2,,,15.2
60924,,,21.8,,,21.8
60927,,,36.4,,,36.4
60929,,20,24.176,,,44.176
60933,,,15.2,,,15.2
60934,,,12.6,,,12.6
60935,,,20.16,,,20.16
60936,,78.58,78.735,,,157.315
60938,,16.4,17.6,,,34
60940,2000,,46.41,,2000,4046.41
60941,,,10,,,10
60942,,,52.08,,,52.08
60946,,,5.52,,,5.52
60948,,92.16,94.276,,,186.436
60949,,,36.4,,,36.4
60950,,17.6,149.492,,,167.092
60952,,,46.6,,,46.6
60953,,75,15,,,90
60954,,,6.72,,,6.72
60955,,,65.99,,,65.99
60957,,223.8,184.905,,,408.705
60959,,11.4,25.12,,,36.52
60960,,22.8,17.6,,,40.4
60963,,150,40.19,,,190.19
60964,2000,21,55.88,,2000,4076.88
60966,,11.4,27.6,,,39
60968,,,43.375,,,43.375
60970,2000,574.16,25.04,,2000,4599.2
61001,1162,32.8,186.575,,1200,2581.375
61006,,74.8,66.943,,,141.743
61007,,22.6,61.6,,,84.2
61008,1980,367.41,1757.339,,,4104.749
61010,,57.8,455.706,,,513.506
61011,,30.2,220.24,,,250.44
61012,,26.4,115.025,,,141.425
61013,,,87.04,,,87.04
61014,,56.24,79.46,,,135.7
61015,,38.2,27.01,,,65.21
61016,2000,247,296.63,,2000,4543.63
61018,,,181.286,,,181.286
61019,,,235.867,,,235.867
61020,,,228.66,,,228.66
61021,,2877.5,354.93,,,3232.43
61024,,26.4,247.446,,,273.846
61025,,397.84,307.28,,,705.12
61028,,168.165,439.475,,,607.64
61030,,,176.308,,,176.308
61031,,15.2,40.2,,,55.4
61032,4000,1745.71,1799.543,,2000,9545.253
61036,,296.22,733.67,,,1029.89
61037,,,7.6,,,7.6
61038,,426.4,104.08,,,530.48
61039,,,53.307,,,53.307
61041,,43,90.43,,,133.43
61042,,129.4,7.6,,,137
61043,,,11.85,,,11.85
61044,2000,,33.565,,2000,4033.565
61046,,368.06,302.815,,,670.875
61047,,45,181.95,,,226.95
61048,9980,691.7,468.306,,4000,15140.006
61049,,12,44,,,56
61050,,,41.185,,,41.185
61051,,119.32,94.9,,,214.22
61052,,,74.58,,,74.58
61053,,55.2,175.215,,,230.415
61054,2000,,181.995,,2000,4181.995
61059,,,32.4,,,32.4
61060,2000,,112.765,,,2112.765
61061,2000,51.24,183.22,,,2234.46
61062,,197.8,351.824,,,549.624
61063,,187.8,454.817,,,642.617
61064,2000,189.2,760.917,,,2950.117
61065,2000,94.78,684.86,,2000,4779.64
61067,,43.9,110.18,,,154.08
61068,,558.2,87.6,,,645.8
61070,,11.4,108.612,,,120.012
61071,2000,1202.6,284.68,,1000,4487.28
61072,,139.48,170.625,,,310.105
61073,,78.9,1011.562,,,1090.462
61074,,,119.24,,,119.24
61075,,94,117.3,,,211.3
61077,,,3.8,,,3.8
61078,,166.24,131.812,,,298.052
61079,,,18.88,,,18.88
61080,,450,97.82,,,547.82
61081,,4028.34,266.746,,2000,6295.086
61084,,17.6,199.13,,,216.73
61085,1850,1981.4,501.793,,3800,8133.193
61087,,20.04,105.865,,,125.905
61088,,282.38,418.18,,,700.56
61089,,,91.109,,,91.109
61091,,,6.93,,,6.93
61101,2000,,482.5,99.9,,2582.4
61102,,258.7,683.66,50,,992.36
61103,,646.4,461.3,,,1107.7
61104,,351,116.925,420,,887.925
61107,,942.4,736.61,,,1679.01
61108,,15,620.53,,,635.53
61109,6860,2103.92,921.585,,2600,12485.505
61111,,391.4,704.39,,,1095.79
61114,,32.72,715.145,,,747.865
61115,,621.4,1191.762,,,1813.162
61201,,1170,153.441,368.14,,1691.581
61230,,15.2,23.86,,,39.06
61231,,1099.8,26,,,1125.8
61232,,,20.04,,,20.04
61234,,58.56,177.19,,,235.75
61235,,,46.66,,,46.66
61237,,20,,,,20
61238,,393.9,102.8,,,496.7
61240,,13.6,79.369,,,92.969
61241,,306.6,45.39,,,351.99
61243,,,32.634,,,32.634
61244,,250,73.817,,,323.817
61250,,376.35,62.48,,,438.83
61251,,,33.6,,,33.6
61252,2000,129.32,101.853,,2000,4231.173
61254,,372.1,416.61,,,788.71
61256,,,5,,,5
61257,,41.4,40,,,81.4
61258,,46.4,,,,46.4
61259,,95.2,114.49,,,209.69
61260,,277.2,38.4,,,315.6
61261,6000,217.9,37.6,,,6255.5
61262,,150,65.12,,,215.12
61264,,910.7,116.8,,,1027.5
61265,,1473,95.42,,,1568.42
61270,4000,299,155.73,,,4454.73
61272,,45.6,27.6,,,73.2
61273,,133.4,68.9,,,202.3
61274,,68.4,12.215,,,80.615
61275,,96,97.043,,,193.043
61276,,,6,,,6
61277,,503.3,152.69,,,655.99
61279,,86,47.6,,,133.6
61281,,53.2,82,,,135.2
61282,,125,28.6,,,153.6
61283,,119.8,6,,,125.8
61284,,220,63.7,,,283.7
61285,,15,39.9,,,54.9
61301,,,41.32,,,41.32
61310,,,90.24,,,90.24
61314,,,89.2,,,89.2
61316,,10.96,,,,10.96
61318,,,29.75,,,29.75
61319,,,12.24,,,12.24
61322,,,10,,,10
61324,,,14.06,,,14.06
61326,1992,,17.6,,,2009.6
61330,,,26.308,,,26.308
61334,,,3.52,,,3.52
61337,,,6,,,6
61338,,25,7.25,,,32.25
61341,,14.79,74.98,,,89.77
61342,4000,,35.2,,2000,6035.2
61344,,,7.6,,,7.6
61345,,182.6,139.2,,,321.8
61348,,,36.68,,,36.68
61349,,11.4,19.28,,,30.68
61350,,,37.32,,,37.32
61353,1950,15,59.57,,,2024.57
61354,,23.4,27.48,,,50.88
61356,,,133.548,,,133.548
61360,,475,12.53,,,487.53
61361,,83.96,57.6,,,141.56
61362,,2000,56.925,,,2056.925
61364,2000,34.2,137.4,,,2171.6
61367,,37.6,10,,,47.6
61368,,25,61.692,,,86.692
61369,,,24.4,,,24.4
61373,,10.15,10,,,20.15
61374,,,7.6,,,7.6
61375,,,10,,,10
61376,,90.56,75.765,,,166.325
61377,,,10,,,10
61378,,20,23.8,,,43.8
61379,,,15,,,15
61388,,,10,,,10
61401,750,3571.4,190.615,,,4512.015
61410,,869.6,30.2,,,899.8
61411,,53.9,9.45,,,63.35
61412,,493.56,46.576,,,540.136
61413,,620,42.92,,,662.92
61414,,137.8,42.6,,,180.4
61415,,24,13.6,,,37.6
61417,,,7.602,,,7.602
61418,,272.6,16,,,288.6
61420,4000,,24,,4000,8024
61421,,250.1,67.8,,,317.9
61422,,,10,,,10
61423,,56.4,30.2,,,86.6
61424,,,9.92,,,9.92
61425,,,16.4,,,16.4
61427,,133.6,72.65,,,206.25
61428,,25,27.6,,,52.6
61430,,,30.23,,,30.23
61431,,,15,,,15
61432,,15,48.54,,,63.54
61433,,60,10,,,70
61434,,765.4,209.92,,,975.32
61435,,16.4,8.2,,,24.6
61436,,234.42,41.2,,,275.62
61437,,25,15.86,,,40.86
61438,,,45,,,45
61441,,16.4,23.52,,,39.92
61443,,2804.4,456.32,,,3260.72
61446,,,10,,,10
61447,,190,29.8,,,219.8
61448,,380,102.2,,,482.2
61449,,41,,,,41
61450,,,37.6,,,37.6
61451,,,30,,,30
61452,,,7.6,,,7.6
61453,,327.6,,,,327.6
61455,2000,616.4,132.4,,2000,4748.8
61458,,62.8,30,,,92.8
61459,,,26.86,,,26.86
61460,,77.5,31.8,,,109.3
61462,,295,117.302,,,412.302
61465,,57.2,30,,,87.2
61466,,15.2,10,,,25.2
61467,,600.1,71.044,,,671.144
61469,,1442.5,37.6,,1400,2880.1
61470,,147.5,40.7,,,188.2
61471,,,8.2,,,8.2
61472,,62.6,16,,,78.6
61473,,,72.22,,,72.22
61475,,,15,,,15
61476,,143.5,20,,,163.5
61477,,,35.8,,,35.8
61478,,85.1,,,,85.1
61479,,,27.6,,,27.6
61480,,22.5,13.8,,,36.3
61482,,396,21.4,,,417.4
61483,,206.88,105.52,,,312.4
61485,,15,15,,,30
61486,,178.9,56.98,,,235.88
61488,,30,,,,30
61489,,316,45.2,,,361.2
61490,,200.6,27.68,,,228.28
61491,,238.48,37.292,,,275.772
61501,,,33.976,,,33.976
61515,,,5,,,5
61516,,,24.8,,,24.8
61517,,73.7,195.235,,,268.935
61519,,,7.6,,,7.6
61520,,309.6,266.18,175,,750.78
61523,,122.56,429.824,,,552.384
61524,,,10,,,10
61525,,,471.078,,,471.078
61526,2000,52.28,85.203,,,2137.483
61528,,10,162.165,,,172.165
61529,,20.16,46.2,,,66.36
61530,,228.32,237.53,,,465.85
61531,2000,813,137.7,,2000,4950.7
61532,,,7.6,,,7.6
61533,,23.1,90.8,,,113.9
61534,,66.5,62.8,,,129.3
61536,,,167.59,,,167.59
61537,,,37.6,,,37.6
61538,,,6,,,6
61539,,,7.6,,,7.6
61540,2000,,82.78,,2000,4082.78
61542,,,48.87,,,48.87
61544,,328,48.46,,,376.46
61545,,,10,,,10
61546,,550,93.34,,,643.34
61547,,,84.892,,,84.892
61548,,740,322.274,,,1062.274
61550,,92.8,283.942,,,376.742
61554,,850,409.578,100,,1359.578
61559,,106.4,176.079,,,282.479
61560,,,26.24,,,26.24
61561,,76.56,143.308,,,219.868
61564,,,10,,,10
61565,,,59.25,,,59.25
61568,,251.1,510.887,,,761.987
61569,,,43.322,,,43.322
61570,,,64.645,,,64.645
61571,,89.88,447.557,,,537.437
61572,,17.28,50.49,,,67.77
61602,,50,,23.4,,73.4
61603,,373.4,17.95,180,,571.35
61604,,313.69,101.203,,,414.893
61605,,250,54.52,,,304.52
61606,,53.22,25.464,72,,150.684
61607,,158.76,137.694,,,296.454
61610,,,9.56,,,9.56
61611,,159.1,489.658,,,648.758
61614,,2689.9,197.015,,,2886.915
61615,,2457.768,294.35,,,2752.118
61616,,450,33.72,,,483.72
61634,,,,,20000,20000
61701,,23.4,135.532,90.96,,249.892
61703,,,10,,,10
61704,,72,469.108,,,541.108
61705,,810,275.566,,,1085.566
61722,,,9.6,,,9.6
61723,,,83.345,,,83.345
61725,,15.36,107.545,,,122.905
61726,,11.4,93.42,,,104.82
61727,,934.3,88.252,,,1022.552
61728,,,24.56,,,24.56
61729,,,161.026,,,161.026
61730,,,17.6,,,17.6
61732,,,62.56,,,62.56
61733,,190,51.12,,,241.12
61734,,375,27.6,,,402.6
61735,,,5,,,5
61736,2000,,39.52,,,2039.52
61737,,52.2,49.04,,,101.24
61738,,340.3,70.005,,,410.305
61739,,40.5,363.892,,,404.392
61740,,44,13.8,,,57.8
61741,,219.4,166.92,,,386.32
61742,,668.54,71.71,,,740.25
61744,,61.56,106.1,,,167.66
61745,,,110.89,,,110.89
61746,,,7.6,,,7.6
61747,,,62.13,,,62.13
61748,,,56.52,,,56.52
61749,,15,19.37,,,34.37
61752,,24.57,37.2,,,61.77
61753,,25,66.85,,,91.85
61754,,233.1,30.245,,,263.345
61755,,,214.095,,,214.095
61756,,24,33.48,,,57.48
61759,,,35.044,,,35.044
61760,,42.2,66.506,,,108.706
61761,,569.86,343.717,265.71,,1179.287
61764,1980,375.2,182.234,,2000,4537.434
61769,,,28.08,,,28.08
61770,,,43.62,,,43.62
61771,,57.6,29.404,,,87.004
61773,,,55.2,,,55.2
61774,,,5.12,,,5.12
61775,,30,8.4,,,38.4
61776,,,24.11,,,24.11
61778,,,8.12,,,8.12
61801,,49.96,336.074,220.8,,606.834
61802,3700,142.48,342.195,,,4184.675
61810,,40.78,25.2,,,65.98
61811,,,10,,,10
61812,,,11.845,,,11.845
61813,,,15.76,,,15.76
61814,,,18.7,,,18.7
61816,,23.2,117.59,,,140.79
61817,,,58.824,,,58.824
61818,,108.425,20,,,128.425
61820,,1088.14,134.18,123.3,4700,6045.62
61821,53.3,1914.18,406.235,,,2373.715
61822,,2571.34,647.375,62.5,,3281.215
61824,,,5.04,,,5.04
61830,,,26,,,26
61831,,,10,,,10
61832,2000,1686.5,72.08,250,,4008.58
61833,,,11.02,,,11.02
61834,2500,3058.144,85.78,,2000,7643.924
61839,,25,32.68,,,57.68
61840,,60,26.097,,,86.097
61841,,,56.776,,,56.776
61842,,17.6,42.955,,,60.555
61843,,,85.82,,,85.82
61844,,152.56,30,,,182.56
61845,,,75.762,,,75.762
61846,,290,40.22,,,330.22
61847,,,18.725,,,18.725
61849,,26.88,101.716,,,128.596
61850,,24.96,29.46,,,54.42
61851,,,3.8,,,3.8
61852,,,75.7,,,75.7
61853,,85.928,406.075,,,492.003
61854,,15.4,23.04,,,38.44
61855,,360,10,,,370
61856,,149.56,187.577,,,337.137
61858,,,56.04,,,56.04
61859,,19.2,,,,19.2
61862,,,32.8,,,32.8
61864,,360,38.85,,,398.85
61865,,,18.725,,,18.725
61866,,40,92.285,,2000,2132.285
61870,2000,,45,,,2045
61872,,,51.89,,,51.89
61873,,774.6,141.82,,,916.42
61874,,165.12,154.84,,,319.96
61875,,145,43.6,,,188.6
61876,,59.77,49,,,108.77
61877,2000,,68.692,,,2068.692
61878,,24.36,29.46,,,53.82
61880,,300,105.605,,,405.605
61882,,,5.48,,,5.48
61883,,,10,,,10
61884,,,53.1,,,53.1
61910,,5940,53.75,,,5993.75
61911,,,22.6,,,22.6
61912,,,10,,,10
61913,,11.4,50.9,,,62.3
61914,,,16.88,,,16.88
61919,,60,13.92,,,73.92
61920,,600,276.759,,,876.759
61924,,53.32,116.88,,2000,2170.2
61925,,,16.88,,,16.88
61930,,,44.972,,,44.972
61933,,,10,,,10
61936,,,6,,,6
61937,,,10,,,10
61938,,1356.4,103.03,,,1459.43
61942,,,45.872,,,45.872
61943,,,23.6,,,23.6
61944,,101.62,267.387,,,369.007
61948,,,9.28,,,9.28
61949,,,10,,,10
61951,,,41.99,,,41.99
61952,,,18.85,,,18.85
61953,,655.44,381.365,,,1036.805
61956,,,75.715,,,75.715
61957,,,17.7,,,17.7
62001,,98.86,69.664,,,168.524
62002,,116.4,255.462,286,,657.862
62006,,,10,,,10
62009,,,55.076,,,55.076
62010,,17.6,187.494,,,205.094
62011,,,17.7,,,17.7
62012,,13.92,162.372,,,176.292
62014,,65.75,133,,,198.75
62015,,,100,,,100
62016,,,61.436,,,61.436
62017,,,106.05,,,106.05
62018,,,29.84,,,29.84
62019,,,53.85,,,53.85
62021,,41.8,18.22,,,60.02
62022,,,52,,,52
62023,,,57.48,,,57.48
62024,,415.2,47.616,,,462.816
62025,2000,847.28,669.172,,2000,5516.452
62027,,233.91,18.96,,,252.87
62031,,,50.8,,,50.8
62032,,,59.36,,,59.36
62033,,255,222.2,,,477.2
62034,,27.06,167.194,,,194.254
62035,,191.2,222.068,,,413.268
62037,,,12.6,,,12.6
62040,2000,2205.47,409.478,,,4614.948
62044,,20,119.62,,,139.62
62045,,,19.28,,,19.28
62046,,411.2,67.82,,,479.02
62047,,20,37.92,,,57.92
62048,,,24.32,,,24.32
62049,,231.4,391.48,,,622.88
62051,,12.5,81.8,,,94.3
62052,,2586.6,182.062,,,2768.662
62054,,,26.83,,,26.83
62055,,,5,,,5
62056,,1112,549.93,,,1661.93
62058,,,20,,,20
62061,,31.4,53.67,,,85.07
62062,,,153.85,,,153.85
62063,,50,7.7,,,57.7
62067,,,54.64,,,54.64
62069,,20,108.2,,,128.2
62074,,40,120.3,,,160.3
62075,,63,82.16,,,145.16
62080,,,50,,,50
62081,,20,10,,,30
62082,,25,58.8,,,83.8
62083,,,17.6,,,17.6
62084,,,7.6,57.6,,65.2
62085,,,10,,,10
62086,,,72.32,,,72.32
62087,,,24.94,,,24.94
62088,,111.1,401.472,,,512.572
62089,,,43.22,,,43.22
62091,,,39,,,39
62092,,1075.744,50.972,,,1126.716
62094,,,27.7,,,27.7
62095,,,111.91,216,,327.91
62097,,19.43,110.92,,,130.35
62104,,,10,,,10
62201,,1800,20,50,1800,3670
62203,,61.6,10,,,71.6
62204,,,13.66,578,,591.66
62205,,52.2,,50.7,,102.9
62206,2028,813.6,53.97,30,,2925.57
62207,,,10,33.3,,43.3
62208,,,172.15,,,172.15
62214,,55.2,83.6,,,138.8
62215,,70,145.26,,,215.26
62216,,88.864,295.94,,,384.804
62217,,,6,,,6
62218,,121.18,114.38,,,235.56
62219,,,47.36,,,47.36
62220,,1264,135.37,,,1399.37
62221,,1750.82,684.202,,,2435.022
62223,,602,134.16,,,736.16
62225,,2578.1,,,,2578.1
62226,,607.5,280.88,,,888.38
62230,,621.36,144.49,,,765.85
62231,2000,358.62,195.29,,2000,4553.91
62232,,19.2,76.29,,,95.49
62233,,294,152.47,,,446.47
62234,,80.6,350.49,,,431.09
62236,,644.4,263.54,,,907.94
62237,,,63.6,,99000,99063.6
62238,,,36,,,36
62239,,,78.124,26,,104.124
62240,,540,48.26,,,588.26
62241,,,65.2,,,65.2
62242,,,25.2,,,25.2
62243,,82.14,175.4,,,257.54
62244,,,80.6,,,80.6
62245,,187.5,31.92,,,219.42
62246,,1198.19,632.68,,,1830.87
62249,,158.5,487.818,,,646.318
62250,,66.6,18.56,,,85.16
62253,,,6,,,6
62254,,153.6,120.472,,,274.072
62255,,,45.95,,,45.95
62256,,,17.37,,,17.37
62257,,187.5,90.45,,,277.95
62258,,609.1,222.39,,,831.49
62260,,15.2,164.52,,,179.72
62262,,22.8,183.6,,,206.4
62263,,555,139.4,,,694.4
62264,,22.8,89,,,111.8
62265,,,63.056,,,63.056
62266,,,5,,,5
62268,,,67.6,,,67.6
62269,,1165.4,710.285,,,1875.685
62271,,643.86,65.06,,,708.92
62272,,25,80,,,105
62273,,24.94,,,,24.94
62274,,585.1,243.66,,,828.76
62275,,45,82.6,,,127.6
62277,,,39.12,,,39.12
62278,,,97.46,,,97.46
62280,,,47.6,,,47.6
62281,,652.1,159.6,,,811.7
62282,,,10,,,10
62284,,,10,,,10
62285,,,124.272,,,124.272
62286,,913,118.85,,,1031.85
62288,,17.6,283.4,,,301
62289,,22.8,13.8,,,36.6
62293,,529.94,216.94,,,746.88
62294,,1273.6,340.65,,,1614.25
62295,,254.8,,,,254.8
62297,,,25.2,,,25.2
62298,,61.92,355.744,,,417.664
62301,,303.3,133.953,,,437.253
62305,,1681.98,477.265,,,2159.245
62311,,,9.45,,,9.45
62312,,,10,,,10
62313,,,90.2,,,90.2
62314,,48,46.38,,,94.38
62316,,,25.2,,,25.2
62320,,,138.84,,,138.84
62321,,620,275.57,,,895.57
62324,,,32.8,,,32.8
62325,,,50.8,,,50.8
62326,,,116.94,,,116.94
62330,,137.6,156.85,,,294.45
62334,,,10,,,10
62336,,,6,,,6
62338,,,47.365,,,47.365
62339,,,31.6,,,31.6
62340,,156,25.3,,,181.3
62341,,,95.2,,,95.2
62343,,,10,,,10
62347,,,90.731,,,90.731
62348,,20,10,,,30
62349,,,19.96,,,19.96
62351,,,33.96,,,33.96
62353,,,115.18,,,115.18
62354,,43.5,135.612,,,179.112
62355,,,37.8,,,37.8
62358,,,33.4,,,33.4
62360,,,28,,,28
62361,,,10,,,10
62362,,,7.7,,,7.7
62363,,72,66.6,,,138.6
62366,,,10,,,10
62367,,,47.2,,,47.2
62373,,,76,,,76
62374,,,7.6,,,7.6
62376,,420,68.48,,,488.48
62378,,,10,,,10
62379,,80.2,122.8,,,203
62380,,25,10,,,35
62401,,610,277.097,98.8,,985.897
62410,,34.2,10,,,44.2
62411,,20,150,,,170
62413,,,10,,,10
62414,,15.2,169.84,,,185.04
62417,,,44.43,,,44.43
62418,,,93.5,,,93.5
62419,,,20,,,20
62420,,,20,,,20
62421,,,10,,,10
62422,,,29.32,,,29.32
62424,,65,39.3,,,104.3
62425,,,10,,,10
62426,,,5,,,5
62427,,,4.32,,,4.32
62428,,,42,,,42
62431,,,55,,,55
62433,,,34.36,,,34.36
62434,,,10,,,10
62436,,18,7.6,,,25.6
62439,,13.6,67.19,,,80.79
62440,,,17.6,,,17.6
62441,,73.08,48.864,,,121.944
62442,,,26.598,,,26.598
62443,,,46.4,,,46.4
62444,,,7.6,,,7.6
62445,,45.6,26,,,71.6
62446,,25,20,,,45
62447,,,60.86,,,60.86
62448,,35,65.13,,,100.13
62449,,,17.6,,,17.6
62450,2000,96.4,188.27,,2000,4284.67
62451,,,25.278,,,25.278
62454,,93.8,55.2,,,149
62458,,1822.5,65.1,,1800,3687.6
62459,,,10,,,10
62460,,,20,,,20
62461,,,30,,,30
62462,,15.2,30.725,,,45.925
62463,,,23.4,,,23.4
62465,,,39.7,,,39.7
62466,,197.5,49.9,,,247.4
62467,,233.2,188.85,,,422.05
62468,,,35.3,,,35.3
62471,,70.6,286.7,,,357.3
62473,,,30,,,30
62476,,20,20,,,40
62477,,,20,,,20
62479,,,36,,,36
62501,,14.49,52,,,66.49
62510,,1700,42.86,,3500,5242.86
62512,,,27.7,,,27.7
62513,,67.6,,,,67.6
62515,,,27.6,,,27.6
62518,,13.6,15,,,28.6
62520,,,50,,,50
62521,,1100,145.496,,,1245.496
62522,,,25.64,100,,125.64
62523,,24.98,,,,24.98
62526,,1096.19,95,,,1191.19
62531,,,71.36,,,71.36
62533,,,22.2,,,22.2
62534,,,15.4,,,15.4
62535,,12,10,,,22
62536,,,23.6,,,23.6
62537,,,7.6,,,7.6
62538,,,10,,,10
62539,,,18.2,,,18.2
62540,,,17.6,,,17.6
62543,,,10,,,10
62545,,,60,,,60
62546,,,80,,,80
62547,,,7.6,,,7.6
62548,,,56.48,,,56.48
62549,,,25.537,,,25.537
62550,,11.4,9.55,,,20.95
62551,,,21.52,,,21.52
62554,,,6,,,6
62555,,,10,,,10
62556,,25,7.6,,,32.6
62557,,44,56.82,,,100.82
62558,,360,28.8,,,388.8
62560,,45,64.21,,,109.21
62561,,,111.68,,,111.68
62563,,,170.71,,,170.71
62565,,40.2,65.588,,,105.788
62567,,,25,,,25
62568,,116.2,340.86,,,457.06
62570,,20,,,,20
62572,,,32.6,,,32.6
62573,,24,30,,,54
62591,,,5,,,5
62601,,,35.2,,,35.2
62611,,,37.6,,,37.6
62612,,180,121.1,,,301.1
62613,,,152.05,,,152.05
62615,,25,70.2,,,95.2
62617,,28.8,17.6,,,46.4
62618,,2019,82.7,,,2101.7
62621,,,47.6,,,47.6
62624,,,6,,,6
62625,,,16,,,16
62626,,1992,334.788,,,2326.788
62627,,22.8,61.63,,,84.43
62628,,,58.8,,,58.8
62629,,15.2,256.461,,,271.661
62630,,,20,,,20
62631,,,57.4,,,57.4
62633,,,27.6,,,27.6
62635,,50,9.86,,,59.86
62638,,30,106.28,,,136.28
62639,,,10,,,10
62640,2000,,74.52,,2700,4774.52
62642,,20,9,,,29
62644,,25,70.758,,,95.758
62649,,,27.6,,,27.6
62650,,1579.9,329.29,,,1909.19
62655,,,10,,,10
62656,,2023,157.168,,,2180.168
62658,,,10,,,10
62661,,,25.2,,,25.2
62664,,53.2,33.2,,,86.4
62665,4000,,33.6,,4000,8033.6
62666,,,7.6,,,7.6
62667,,25,30,,,55
62668,4000,,30.2,,4000,8030.2
62670,,29.2,158.6,,,187.8
62671,,,17.46,,,17.46
62673,,,7.6,,,7.6
62674,2000,,26,,2000,4026
62675,,22.8,126.2,,,149
62677,,111,158.52,,,269.52
62681,,,60.4,,,60.4
62684,,,106.932,,,106.932
62685,,,89.98,,,89.98
62688,,,62.6,,,62.6
62690,,,91.815,,,91.815
62691,,30,51.44,,,81.44
62692,,,42.8,,,42.8
62693,,,10,,,10
62694,,40,144.69,,,184.69
62695,,,10,,,10
62701,,23.4,32.4,,,55.8
62702,,606.1,110.44,,,716.54
62703,,20,170.508,,,190.508
62704,,196.8,175.823,,,372.623
62707,,302.5,151.2,,,453.7
62711,,257.2,333.97,,,591.17
62712,,,320.16,,,320.16
62801,2000,566.56,167.692,849.9,2000,5584.152
62803,,,29,,,29
62807,,,58.9,,,58.9
62808,,,92.8,,,92.8
62809,,,10,,,10
62810,,40,27.6,,,67.6
62812,,581,110.9,,,691.9
62814,2000,,34.32,,2000,4034.32
62817,,20,7.6,,,27.6
62821,,259.2,15.2,,,274.4
62822,,,5,,,5
62823,,20,10,,,30
62824,,16,27.6,,,43.6
62825,,,10,,,10
62827,,,17.6,,,17.6
62828,,120,70,,,190
62830,,,40,,,40
62831,,,80.2,,,80.2
62832,,187.5,122.4,,,309.9
62834,,,10,,,10
62835,,,25.2,,,25.2
62836,,,45.4,,,45.4
62837,,40.2,21.6,,,61.8
62838,,19.9,50.3,,,70.2
62839,,79,37.8,,,116.8
62841,,,10,,,10
62842,,,27.6,,,27.6
62846,,45.2,40,,,85.2
62848,,,3.8,,,3.8
62849,,40,47.6,,,87.6
62852,,,10,,,10
62853,,17.4,10,,,27.4
62854,,,65.2,,,65.2
62858,1980,,56.6,,,2036.6
62859,,,32.184,,,32.184
62860,,,10,,,10
62863,,169.8,134.596,,,304.396
62864,,204.8,173.4,180,,558.2
62865,,,10,,,10
62868,,120,25.2,,,145.2
62869,,,30.6,,,30.6
62870,,,20.3,,,20.3
62871,,,7.6,,,7.6
62875,,300,47.7,,,347.7
62877,,67.6,40,,,107.6
62878,,,7.6,,,7.6
62880,,,23.6,,,23.6
62881,,20,164.05,,,184.05
62882,500,,13.8,,,513.8
62883,,,37.46,,,37.46
62884,,,68,,,68
62885,,,20,,,20
62888,,55.2,61.4,,,116.6
62889,,,20,,,20
62890,,,30,,,30
62891,,,6,,,6
62893,,,15.2,,,15.2
62894,,,19.074,,,19.074
62895,,25,7.6,,,32.6
62896,2000,,37,,2000,4037
62898,,30,54.45,,,84.45
62899,,,17.6,,,17.6
62901,,1476.98,399.933,,,1876.913
62902,,37.5,227.56,,,265.06
62903,,72,113.16,,,185.16
62905,,,17.6,,,17.6
62906,,11.4,105.4,,,116.8
62907,,,185.2,,,185.2
62910,,,7.6,,,7.6
62912,,,25.074,,,25.074
62914,,43.2,,,,43.2
62916,,,67.6,,,67.6
62917,,20,24.6,,,44.6
62918,2650,1354,192.9,,3600,7796.9
62919,,20,10,,,30
62920,,21.2,92.588,,,113.788
62922,,,62.8,,,62.8
62923,,,10,,,10
62924,,,47.6,,,47.6
62926,,,42.8,,,42.8
62928,,,10,,,10
62930,,386.6,68.2,,,454.8
62931,,,55,,,55
62932,,,50,,,50
62933,,15.4,,,,15.4
62935,,,55,,,55
62938,,30,30.3,,,60.3
62939,,,37.6,,,37.6
62940,,,15.04,,,15.04
62946,,644.8,234.2,,,879
62948,4000,78.3,206.23,,4000,8284.53
62950,,,5.28,,,5.28
62951,,,30.2,,,30.2
62952,,,25.2,,,25.2
62954,,20,7.6,,,27.6
62958,,94.4,139.464,,,233.864
62959,,2875.4,485.728,,,3361.128
62960,,,36,,,36
62964,,,,480,,480
62966,,2742,276.9,,,3018.9
62967,,,18.6,,,18.6
62972,,,40,,,40
62974,,20,37.6,,,57.6
62975,,,17.7,,,17.7
62977,,,35,,,35
62979,,309,20,,,329
62983,,,25.282,,,25.282
62984,,,20,,,20
62985,,15,25.2,,,40.2
62987,,,79.6,,,79.6
62994,,,40,,,40
62995,,22.8,33.82,,,56.62
62997,,,10,,,10
62999,,,16,,,16
64115,,,10,,,10
67821,,,,,1600,1600
69560,,,5,,,5
80460,,,10,,,10